,sex,age,n_siblings_spouses,parch,fare,class,embark_town,alone,predict,survived,x,y,predict0,predict1
0,1,22.0,1,0,7.25,2,2,0,0,0,-15.167065620422363,16.268640518188477,0.8104358567373725,0.18956414326262738
1,0,38.0,1,0,71.2833,0,0,0,1,1,1.690396785736084,-37.12971878051758,0.12300142386382473,0.8769985761361749
2,0,26.0,0,0,7.925,2,2,1,0,1,-8.310794830322266,20.847658157348633,0.50524199486033,0.4947580051396701
3,0,35.0,1,0,53.1,0,2,0,1,1,0.1410437822341919,-31.1699161529541,0.1918965433500088,0.8081034566499915
4,1,28.0,0,0,8.4583,2,1,1,0,0,3.273226499557495,28.994422912597656,0.839392159399257,0.16060784060074312
5,1,2.0,3,1,21.075,2,2,0,0,0,-16.14621353149414,-6.426573276519775,0.7565881848603353,0.24341181513966476
6,0,27.0,0,2,11.1333,2,2,0,1,1,1.8538423776626587,16.755680084228516,0.4457360371721827,0.5542639628278174
7,0,14.0,1,0,30.0708,1,0,0,1,1,-11.399324417114258,-8.867547988891602,0.1896232939012807,0.8103767060987194
8,0,4.0,1,1,16.7,2,2,0,1,1,-16.54128646850586,-4.821793079376221,0.34486562891932765,0.6551343710806724
9,1,20.0,0,0,8.05,2,2,1,0,0,-16.45001792907715,12.66456127166748,0.861181063190607,0.1388189368093931
10,1,39.0,1,5,31.275,2,2,0,0,0,5.629319667816162,-12.680733680725098,0.7923302416704544,0.20766975832954537
11,0,14.0,0,0,7.8542,2,2,1,1,0,-19.629695892333984,7.371803283691406,0.49360606321076667,0.5063939367892334
12,1,2.0,4,1,29.125,2,1,0,0,0,-15.069780349731445,-8.46845531463623,0.8697986924657559,0.13020130753424403
13,1,28.0,0,0,13.0,1,2,1,0,1,3.2299118041992188,10.0452241897583,0.7646083370146833,0.2353916629853167
14,0,31.0,1,0,18.0,2,2,0,1,0,4.186262607574463,6.071047306060791,0.43790118233253195,0.562098817667468
15,0,28.0,0,0,7.225,2,0,1,1,1,3.248948097229004,34.502647399902344,0.3940071612399904,0.6059928387600096
16,1,35.0,0,0,26.0,1,2,1,0,0,4.509873867034912,-9.38129711151123,0.7559052670959181,0.244094732904082
17,1,28.0,0,0,35.5,0,2,1,0,1,-1.4445455074310303,-13.043651580810547,0.6076914045628251,0.39230859543717495
18,0,38.0,1,5,31.3875,2,2,0,0,1,5.409918785095215,-12.67663288116455,0.5960665312308651,0.40393346876913483
19,1,28.0,0,0,7.225,2,0,1,0,0,6.387592792510986,31.156347274780273,0.8204635718504611,0.17953642814953902
20,1,19.0,3,2,263.0,0,2,0,0,0,5.216006755828857,-50.44063186645508,0.6593991530896297,0.3406008469103702
21,0,28.0,0,0,7.8792,2,1,1,1,1,1.3826943635940552,34.47529220581055,0.4448042122112102,0.5551957877887899
22,1,28.0,0,0,7.8958,2,2,1,0,0,2.088674306869507,23.950401306152344,0.8766561437728937,0.12334385622710636
23,1,40.0,0,0,27.7208,0,0,1,0,0,6.957093238830566,-11.207202911376953,0.6076344370189659,0.3923655629810339
24,0,28.0,1,0,146.5208,0,0,0,1,1,4.3336262702941895,-46.050838470458984,0.10087564181540758,0.899124358184592
25,0,28.0,0,0,7.75,2,1,1,1,1,1.9212875366210938,34.94600296020508,0.4449925928995909,0.5550074071004092
26,1,66.0,0,0,10.5,1,2,1,0,0,18.760805130004883,2.531886339187622,0.7928192007586625,0.2071807992413374
27,1,28.0,1,0,82.1708,0,0,0,0,0,0.5005728602409363,-39.3736572265625,0.5043939646211887,0.4956060353788115
28,1,42.0,1,0,52.0,0,2,0,0,0,2.3812808990478516,-31.302928924560547,0.6130417486170588,0.38695825138294104
29,1,28.0,0,0,7.2292,2,0,1,0,1,6.273782730102539,32.50221633911133,0.8199080162949056,0.18009198370509452
30,0,14.0,1,0,11.2417,2,0,0,1,1,-16.758440017700195,6.014257431030273,0.3436576261684125,0.6563423738315873
31,0,40.0,1,0,9.475,2,2,0,0,0,14.542292594909668,8.423069953918457,0.5459748487031003,0.4540251512968997
32,0,27.0,1,0,21.0,1,2,0,1,0,-0.17806348204612732,-4.555322170257568,0.2778417645084875,0.7221582354915129
33,1,28.0,0,0,7.8958,2,0,1,0,0,5.537508487701416,31.54671287536621,0.7975042376122764,0.20249576238772385
34,0,3.0,1,2,41.5792,1,0,0,1,1,-13.946213722229004,-11.101999282836914,0.14116657336420205,0.8588334266357979
35,1,28.0,0,0,8.05,2,2,1,0,0,1.595068335533142,22.622892379760742,0.8615746660045037,0.13842533399549628
36,1,28.0,1,0,15.5,2,1,0,0,0,2.0645267963409424,7.756720066070557,0.7605366455523469,0.23946335444765288
37,1,28.0,2,0,21.6792,2,0,0,0,0,-0.16658739745616913,-5.319156169891357,0.714357787504089,0.2856422124959109
38,0,18.0,1,0,17.8,2,2,0,1,0,-13.63121509552002,4.846146583557129,0.4220519147668282,0.5779480852331718
39,1,7.0,4,1,39.6875,2,2,0,0,0,-13.3252592086792,-10.782247543334961,0.8764492670002686,0.12355073299973145
40,0,49.0,1,0,76.7292,0,0,0,1,1,3.919477701187134,-37.3486442565918,0.11232580961051335,0.8876741903894864
41,0,29.0,1,0,26.0,1,2,0,1,1,-0.8917391896247864,-8.09540843963623,0.26394591971564174,0.7360540802843586
42,1,65.0,0,1,61.9792,0,0,0,0,0,5.095328330993652,-33.87360763549805,0.6111136109670241,0.3888863890329756
43,1,28.0,0,0,35.5,0,2,1,0,1,-1.4448351860046387,-13.043802261352539,0.6076914045628251,0.39230859543717495
44,0,21.0,0,0,10.5,1,2,1,1,1,-12.981127738952637,11.998878479003906,0.3291167337424285,0.6708832662575717
45,1,28.5,0,0,7.2292,2,0,1,0,0,6.962233543395996,31.469432830810547,0.8278029864330169,0.1721970135669833
46,1,11.0,5,2,46.9,2,2,0,0,0,-12.765113830566406,-12.006891250610352,0.9019498731140887,0.09805012688591132
47,1,22.0,0,0,7.2292,2,0,1,0,0,-16.228736877441406,16.270090103149414,0.8233724266208395,0.17662757337916055
48,0,38.0,0,0,80.0,0,2,1,1,1,2.216068744659424,-38.45149612426758,0.159108967605098,0.8408910323949021
49,1,45.0,1,0,83.475,0,2,0,0,0,3.5034642219543457,-38.52925109863281,0.5568060693204554,0.4431939306795446
50,1,4.0,3,2,27.9,2,2,0,0,0,-14.601531028747559,-7.904038906097412,0.8377951609671119,0.162204839032888
51,1,28.0,1,1,15.2458,2,0,0,0,1,1.1855731010437012,8.218446731567383,0.6642705925562654,0.33572940744373453
52,1,19.0,0,0,8.1583,2,2,1,0,0,-17.325685501098633,11.233183860778809,0.8640095988601939,0.13599040113980612
53,0,17.0,4,2,7.925,2,2,0,0,1,-20.877412796020508,10.6121244430542,0.5783077876142779,0.42169221238572197
54,1,26.0,2,0,8.6625,2,2,0,0,0,-10.118353843688965,21.529781341552734,0.8076986588978565,0.1923013411021438
55,1,32.0,0,0,10.5,1,2,1,0,0,8.689263343811035,12.353917121887207,0.8014245467941601,0.19857545320583994
56,1,21.0,0,0,73.5,1,2,1,0,0,-1.3969435691833496,-38.09418487548828,0.6710168950144585,0.3289831049855416
57,1,32.0,0,0,56.4958,2,2,1,0,1,-0.4602775275707245,-31.886363983154297,0.6998693797284277,0.3001306202715723
58,1,25.0,0,0,7.65,2,2,1,0,0,-10.176239967346191,19.535533905029297,0.8746209136761953,0.12537908632380465
59,1,28.0,0,0,7.8958,2,2,1,0,0,-0.01567300595343113,23.876535415649414,0.8766561437728937,0.12334385622710636
60,1,28.0,0,0,8.05,2,2,1,0,0,1.258473515510559,23.050844192504883,0.8615746660045037,0.13842533399549628
61,1,0.83,0,2,29.0,1,2,0,1,1,-15.478479385375977,-8.178935050964355,0.4418361409895449,0.5581638590104552
62,0,30.0,0,0,12.475,2,2,1,1,1,4.90342903137207,10.534865379333496,0.4286046897146955,0.5713953102853047
63,1,22.0,0,0,9.0,2,2,1,0,0,-13.552752494812012,14.276715278625488,0.8546078035302194,0.14539219646978088
64,1,29.0,0,0,9.5,2,2,1,0,1,2.6865780353546143,19.216552734375,0.8390712631326183,0.16092873686738168
65,0,28.0,0,0,7.7875,2,1,1,1,1,1.4902743101119995,34.37440490722656,0.4449925928995909,0.5550074071004092
66,1,28.0,0,0,47.1,0,2,1,0,0,-1.6788880825042725,-30.081804275512695,0.6076914045628251,0.39230859543717495
67,1,16.0,1,3,34.375,2,2,0,0,0,-11.315054893493652,-10.182564735412598,0.7675613541721327,0.232438645827867
68,1,28.0,0,0,8.05,2,2,1,0,0,0.2827896773815155,23.025781631469727,0.8615746660045037,0.13842533399549628
69,0,23.0,3,2,263.0,0,2,0,1,1,5.7565765380859375,-50.5801887512207,0.3427676549857073,0.6572323450142926
70,1,24.0,0,0,8.05,2,2,1,0,0,-11.488000869750977,18.139432907104492,0.8595954869311178,0.1404045130688824
71,1,46.0,1,0,61.175,0,2,0,0,0,3.3646514415740967,-32.6305046081543,0.5875906793214695,0.41240932067853037
72,1,59.0,0,0,7.25,2,2,1,0,0,18.58048439025879,3.64721417427063,0.8864890644348482,0.11351093556515175
73,1,28.0,0,0,8.05,2,2,1,0,0,0.10555862635374069,23.096271514892578,0.8615746660045037,0.13842533399549628
74,1,71.0,0,0,34.6542,0,0,1,0,0,12.302539825439453,-15.45769214630127,0.6534573302736311,0.3465426697263688
75,1,23.0,0,1,63.3583,0,0,0,0,1,-1.8681920766830444,-34.454288482666016,0.5419737185643564,0.45802628143564356
76,0,34.0,0,1,23.0,1,2,0,1,1,4.191397666931152,-7.460221290588379,0.23818543964053285,0.761814560359467
77,1,34.0,1,0,26.0,1,2,0,0,0,4.0043230056762695,-9.19282054901123,0.7163970466163978,0.283602953383602
78,0,28.0,0,0,7.8958,2,2,1,0,0,-1.296074390411377,25.95525550842285,0.5092938358723662,0.49070616412763385
79,1,28.0,0,0,7.8958,2,2,1,0,0,0.1835535764694214,24.428686141967773,0.8766561437728937,0.12334385622710636
80,1,21.0,0,1,77.2875,0,2,0,0,0,-1.0839602947235107,-38.71415710449219,0.5375271076227262,0.46247289237727385
81,1,33.0,0,0,8.6542,2,2,1,0,0,11.623970985412598,13.409631729125977,0.866047023166301,0.13395297683369906
82,1,37.0,2,0,7.925,2,2,0,0,0,13.996935844421387,10.62449836730957,0.8183547448026764,0.1816452551973235
83,1,28.0,0,0,7.8958,2,2,1,0,0,0.3653199374675751,24.533620834350586,0.8766561437728937,0.12334385622710636
84,1,28.0,0,0,7.775,2,2,1,0,1,-1.2515536546707153,22.024375915527344,0.865452772744662,0.13454722725533796
85,0,28.0,1,0,24.15,2,1,0,1,1,-0.9839591383934021,-6.634995460510254,0.3957962569373103,0.6042037430626898
86,1,47.0,0,0,52.0,0,2,1,0,0,3.2997324466705322,-31.29718017578125,0.6237530067363942,0.37624699326360583
87,0,14.5,1,0,14.4542,2,0,0,1,0,-15.656261444091797,5.584005355834961,0.36229790228741215,0.6377020977125879
88,1,22.0,0,0,8.05,2,2,1,0,0,-14.067190170288086,15.105325698852539,0.8595954869311178,0.1404045130688824
89,0,17.0,0,0,14.4583,2,0,1,1,0,-15.093791961669922,6.01482629776001,0.3440779726584222,0.6559220273415779
90,1,21.0,0,0,7.925,2,2,1,0,0,-15.325950622558594,14.299845695495605,0.852388527224158,0.14761147277584208
91,1,70.5,0,0,7.75,2,1,1,0,0,19.176454544067383,2.4806149005889893,0.8372713046490757,0.16272869535092419
92,1,29.0,1,0,21.0,1,2,0,0,0,0.3262142241001129,-4.733809471130371,0.7129945402849743,0.28700545971502534
93,1,24.0,0,1,247.5208,0,0,0,0,0,5.590782165527344,-50.06376647949219,0.5267430313987354,0.47325696860126454
94,1,28.0,0,0,8.05,2,2,1,0,0,0.7905882000923157,22.486143112182617,0.8615746660045037,0.13842533399549628
95,1,32.5,1,0,30.0708,1,0,0,0,0,1.015173077583313,-11.324612617492676,0.676088991064137,0.32391100893586283
96,0,32.5,0,0,13.0,1,2,1,1,1,7.723278522491455,9.542375564575195,0.2875418019166155,0.7124581980833846
97,1,28.0,0,0,7.75,2,1,1,0,0,4.417625427246094,29.989070892333984,0.8500764428096048,0.14992355719039518
98,1,24.0,0,0,7.1417,2,2,1,0,1,-11.886029243469238,18.902254104614258,0.8797751948903993,0.12022480510960078
99,1,45.0,0,0,6.975,2,2,1,0,0,16.866329193115234,7.075992107391357,0.8929477233624407,0.10705227663755922
100,1,20.0,0,0,7.05,2,2,1,0,0,-17.074289321899414,13.258861541748047,0.8871591550316057,0.11284084496839426
101,0,47.0,1,0,14.5,2,2,0,1,0,15.295727729797363,4.9281158447265625,0.46895883642791253,0.5310411635720875
102,1,23.0,0,0,15.0458,1,0,1,0,0,-4.353126049041748,8.079524040222168,0.728659165091098,0.2713408349089022
103,0,19.0,0,2,26.2833,0,2,0,1,1,-7.214085102081299,-8.209409713745117,0.22379863188874322,0.776201368111257
104,1,37.0,1,0,53.1,0,2,0,0,0,0.7054932117462158,-31.257787704467773,0.5790405570040178,0.42095944299598215
105,1,16.0,0,0,9.2167,2,2,1,0,0,-18.428850173950195,8.102063179016113,0.8443528890566938,0.1556471109433063
106,1,24.0,0,0,79.2,0,0,1,0,0,-0.5217908024787903,-39.119510650634766,0.5375996074626674,0.46240039253733245
107,0,28.0,0,2,15.2458,2,0,0,1,0,0.5142778158187866,8.224044799804688,0.3874012671086543,0.6125987328913456
108,0,22.0,0,0,7.75,2,2,1,1,1,-14.484636306762695,17.135204315185547,0.4896654563054096,0.5103345436945904
109,1,19.0,0,0,6.75,2,1,1,0,0,-18.49393081665039,12.53076457977295,0.8752651759019768,0.124734824098023
110,1,18.0,0,0,11.5,1,2,1,0,0,-15.442344665527344,8.154263496398926,0.7808111653851908,0.21918883461480917
111,0,9.0,2,2,34.375,2,2,0,0,0,-13.113115310668945,-9.611634254455566,0.5480642872996815,0.4519357127003183
112,1,51.0,0,0,12.525,1,2,1,0,0,16.721105575561523,4.418923377990723,0.7803250675137662,0.2196749324862339
113,1,55.5,0,0,8.05,2,2,1,0,0,18.105052947998047,4.163132667541504,0.8589404102193003,0.14105958978069963
114,1,40.5,0,2,14.5,2,2,0,0,0,12.807110786437988,6.250234603881836,0.7390941478423332,0.2609058521576669
115,1,28.0,0,0,7.3125,2,2,1,0,0,1.853001356124878,26.02223014831543,0.8836421075333852,0.1163578924666147
116,1,51.0,0,1,61.3792,0,0,0,0,0,3.9874401092529297,-32.727298736572266,0.568326150590702,0.43167384940929787
117,0,16.0,0,0,7.7333,2,1,1,1,1,-19.884408950805664,8.146946907043457,0.41952353222723965,0.5804764677727604
118,1,28.0,0,0,8.6625,2,2,1,0,0,1.432715654373169,21.06159019470215,0.8618124566114628,0.13818754338853734
119,1,28.0,8,2,69.55,2,2,0,0,0,-1.0593925714492798,-36.48655319213867,0.9072053749351998,0.09279462506480016
120,1,44.0,0,1,16.1,2,2,0,0,0,14.103645324707031,5.219459533691406,0.7325716780697217,0.26742832193027843
121,1,26.0,0,0,7.775,2,2,1,0,0,-9.061689376831055,20.12281608581543,0.8612468084653199,0.13875319153468005
122,1,17.0,0,0,8.6625,2,2,1,0,0,-18.419023513793945,9.078608512878418,0.8563513360375242,0.14364866396247591
123,1,1.0,4,1,39.6875,2,2,0,0,0,-14.344205856323242,-10.733785629272461,0.8113162470895834,0.1886837529104166
124,0,28.0,0,1,55.0,0,2,0,1,1,-1.4465183019638062,-31.539846420288086,0.20415086978032396,0.7958491302196761
125,1,28.0,0,0,56.4958,2,2,1,0,0,-1.4732939004898071,-32.44291687011719,0.6961070457572964,0.3038929542427036
126,1,4.0,4,1,29.125,2,1,0,0,0,-14.517125129699707,-8.319818496704102,0.8767577459007312,0.12324225409926873
127,1,18.0,1,1,7.8542,2,2,0,0,0,-19.615859985351562,10.64586067199707,0.7796927662220707,0.22030723377792932
128,1,28.0,3,1,25.4667,2,2,0,0,0,-1.9098602533340454,-7.238049507141113,0.8779791214977611,0.12202087850223899
129,0,50.0,0,0,28.7125,0,0,1,1,0,9.910491943359375,-13.433799743652344,0.23485899975768706,0.765141000242313
130,1,30.0,0,0,13.0,1,2,1,0,0,4.918056964874268,9.943708419799805,0.7657723681688018,0.23422763183119819
131,1,36.0,0,0,0.0,2,2,1,0,0,16.62106704711914,12.177992820739746,0.8954168765940524,0.1045831234059475
132,0,28.0,8,2,69.55,2,2,0,0,0,-0.6213793754577637,-36.460113525390625,0.7905144838036311,0.20948551619636874
133,1,28.0,0,0,15.05,1,0,1,0,0,1.9925591945648193,8.77985954284668,0.7245001454529075,0.2754998545470926
134,1,9.0,4,2,31.3875,2,2,0,0,0,-13.284791946411133,-8.887234687805176,0.8751163029941429,0.1248836970058571
135,0,4.0,0,2,22.025,2,2,0,1,1,-15.44239616394043,-6.137053966522217,0.36309268473997447,0.6369073152600256
136,0,28.0,1,0,15.5,2,1,0,1,1,1.246135950088501,7.426015853881836,0.3900919334086833,0.6099080665913167
137,1,45.0,0,0,26.55,0,2,1,0,1,9.005448341369629,-12.204830169677734,0.6065833353115854,0.3934166646884146
138,1,36.0,0,0,7.8958,2,2,1,0,0,13.336786270141602,11.326311111450195,0.8829959734856268,0.11700402651437339
139,0,32.0,0,0,13.0,1,2,1,1,1,7.284414291381836,9.65284538269043,0.2875418019166155,0.7124581980833846
140,0,19.0,1,0,7.8542,2,2,0,1,1,-19.21885871887207,12.126103401184082,0.48851933486145444,0.5114806651385455
141,1,3.0,1,1,26.0,1,2,0,1,1,-15.10543155670166,-7.305926322937012,0.464926046575492,0.535073953424508
142,0,44.0,0,0,27.7208,0,0,1,1,1,8.423603057861328,-12.299431800842285,0.2155213410395936,0.7844786589604066
143,0,58.0,0,0,146.5208,0,0,1,1,1,3.2759246826171875,-46.94600296020508,0.10680294139513395,0.893197058604866
144,1,28.0,0,0,7.75,2,1,1,0,0,4.42072057723999,29.989398956298828,0.8500764428096048,0.14992355719039518
145,0,28.0,0,0,7.75,2,1,1,1,1,1.9743602275848389,34.312156677246094,0.4449925928995909,0.5550074071004092
146,0,24.0,0,0,13.0,1,2,1,1,0,-4.269704818725586,9.1775484085083,0.29475610756250736,0.7052438924374929
147,1,28.0,0,0,9.5,2,2,1,0,0,1.808674931526184,19.243619918823242,0.840112696503279,0.15988730349672103
148,1,28.0,8,2,69.55,2,2,0,0,0,-1.0593928098678589,-36.48655319213867,0.9072053749351998,0.09279462506480016
149,1,34.0,0,0,6.4958,2,2,1,0,0,13.278582572937012,13.297773361206055,0.8962981309985626,0.10370186900143728
150,0,2.0,0,1,10.4625,2,2,0,1,0,-17.70305633544922,-4.155795574188232,0.44661321311281255,0.5533867868871875
151,1,32.0,1,0,15.85,2,2,0,0,0,5.110193729400635,6.993689060211182,0.7753520810524945,0.22464791894750527
152,1,26.0,0,0,18.7875,2,0,1,0,1,-1.0454058647155762,6.114035606384277,0.7298014330806508,0.27019856691934924
153,0,16.0,0,0,7.75,2,1,1,1,1,-19.878164291381836,8.143540382385254,0.4208164461457243,0.5791835538542758
154,1,40.0,0,0,31.0,0,0,1,0,1,6.776096343994141,-12.05238151550293,0.6195737363921483,0.3804262636078514
155,0,35.0,0,0,21.0,1,2,1,1,1,4.524737358093262,-6.652808666229248,0.2787767142226548,0.7212232857773454
156,1,22.0,0,0,7.25,2,2,1,0,0,-14.468377113342285,15.860626220703125,0.8792196393348438,0.12078036066515634
157,1,28.0,1,0,7.75,2,1,0,0,0,4.579270839691162,27.7373104095459,0.7990704370338249,0.2009295629661751
158,0,31.0,1,0,113.275,0,0,0,1,1,3.1269822120666504,-43.78868103027344,0.09937815606201689,0.9006218439379827
159,0,27.0,0,0,7.925,2,2,1,1,1,0.2834759056568146,34.957763671875,0.4970067007426829,0.5029932992573172
160,1,42.0,1,0,27.0,1,2,0,0,0,7.89219331741333,-11.456032752990723,0.7077338804374241,0.2922661195625757
161,1,30.0,0,0,10.5,1,2,1,0,0,7.560361385345459,12.84557819366455,0.8014245467941601,0.19857545320583994
162,1,16.0,0,0,8.05,2,2,1,0,1,-19.186702728271484,8.457002639770508,0.8493405724575922,0.15065942754240785
163,1,51.0,0,0,8.05,2,2,1,0,0,17.512847900390625,5.078526496887207,0.8589404102193003,0.14105958978069963
164,1,22.0,0,0,9.35,2,2,1,0,0,-13.293543815612793,13.89666748046875,0.8505904612626531,0.1494095387373471
165,1,19.0,0,0,10.5,1,2,1,0,1,-15.320718765258789,9.217558860778809,0.7957092772347246,0.20429072276527535
166,1,20.5,0,0,7.25,2,2,1,0,0,-16.41265296936035,13.811387062072754,0.8808052155943331,0.11919478440566703
167,1,18.0,0,0,13.0,1,2,1,0,0,-15.150071144104004,7.491766452789307,0.7679582854210751,0.23204171457892478
168,0,28.0,3,1,25.4667,2,2,0,0,0,-2.0560781955718994,-7.039116859436035,0.7024630663503002,0.2975369336496995
169,0,35.0,1,0,83.475,0,2,0,1,1,1.7929614782333374,-39.19576644897461,0.16111967385046505,0.8388803261495349
170,1,29.0,0,0,7.775,2,2,1,0,0,3.7277708053588867,23.856868743896484,0.866516602531896,0.13348339746810392
171,1,59.0,0,0,13.5,1,2,1,0,0,17.87648582458496,2.9525275230407715,0.7788733830179253,0.22112661698207475
172,0,28.0,0,0,7.55,2,2,1,0,0,-1.2346901893615723,26.0754337310791,0.508971202799349,0.49102879720065107
173,1,44.0,1,0,26.0,1,2,0,0,0,8.841963768005371,-11.446624755859375,0.7194164766682114,0.28058352333178854
174,1,19.0,0,0,10.5,1,2,1,0,0,-15.297547340393066,9.33276653289795,0.7957092772347246,0.20429072276527535
175,1,33.0,0,0,12.275,1,2,1,0,0,8.592801094055176,9.85698127746582,0.7779579864039953,0.2220420135960049
176,0,28.0,1,0,14.4542,2,0,0,1,0,1.2796130180358887,8.67407512664795,0.3604753066528356,0.6395246933471643
177,0,28.0,1,0,15.5,2,1,0,1,1,1.2494720220565796,7.426044940948486,0.3900919334086833,0.6099080665913167
178,1,22.0,0,0,7.125,2,2,1,0,0,-14.72396183013916,15.84068775177002,0.8855735787721164,0.11442642122788356
179,1,30.0,0,0,7.225,2,0,1,0,0,8.506937026977539,31.3270206451416,0.8327658163859343,0.167234183614066
180,1,44.0,2,0,90.0,0,1,0,0,0,3.4857237339019775,-39.45261764526367,0.5791640996905106,0.4208359003094893
181,0,24.0,0,2,14.5,1,2,0,1,1,-3.438112258911133,8.123956680297852,0.2516266878675608,0.7483733121324393
182,1,28.0,0,0,7.25,2,2,1,0,0,1.5156798362731934,26.280664443969727,0.8836421075333852,0.1163578924666147
183,0,29.0,1,1,10.4625,2,2,0,1,0,2.669398069381714,17.72426986694336,0.49366900116222134,0.5063309988377787
184,1,30.0,1,0,16.1,2,2,0,0,0,3.4208762645721436,6.978635787963867,0.767640663729195,0.23235933627080485
185,0,41.0,0,2,20.2125,2,2,0,1,0,8.490252494812012,-7.683964729309082,0.46322994743701984,0.5367700525629802
186,0,28.0,0,0,79.2,0,0,1,1,1,0.29450109601020813,-38.74622344970703,0.10247636157122546,0.8975236384287745
187,0,35.0,0,0,512.3292,0,0,1,1,1,4.409099102020264,-52.13102340698242,0.09309521487093851,0.9069047851290616
188,0,50.0,0,1,26.0,1,2,0,1,1,10.48076057434082,-12.701874732971191,0.24230919739969312,0.7576908026003067
189,1,28.0,0,0,7.75,2,1,1,0,0,4.329999923706055,29.209238052368164,0.8500764428096048,0.14992355719039518
190,1,3.0,4,2,31.3875,2,2,0,0,1,-14.738903045654297,-9.056754112243652,0.8054311285192548,0.194568871480745
191,1,40.0,0,0,0.0,0,2,1,0,0,16.703336715698242,11.848357200622559,0.8246511793166955,0.17534882068330443
192,0,28.0,0,0,7.75,2,1,1,1,0,1.4893492460250854,33.469078063964844,0.4449925928995909,0.5550074071004092
193,1,36.0,0,0,10.5,1,2,1,0,0,11.758840560913086,9.964834213256836,0.8083260475932574,0.19167395240674245
194,1,16.0,4,1,39.6875,2,2,0,0,0,-11.601601600646973,-11.297335624694824,0.9000045979924759,0.09999540200752417
195,1,25.0,1,0,7.775,2,2,0,0,1,-10.54236125946045,20.736562728881836,0.782385632480143,0.217614367519857
196,0,58.0,0,1,153.4625,0,2,0,1,1,3.5071027278900146,-47.22224426269531,0.18883229255529002,0.8111677074447098
197,0,35.0,0,0,135.6333,0,2,1,1,1,3.8864808082580566,-45.599727630615234,0.14411664958327955,0.8558833504167207
198,1,28.0,0,0,31.0,0,2,1,0,0,-1.6830891370773315,-11.569846153259277,0.6040751057512801,0.39592489424872
199,1,25.0,0,0,0.0,2,2,1,0,1,-4.149669170379639,30.287137985229492,0.8724594612820572,0.1275405387179427
200,0,41.0,0,1,19.5,1,2,0,1,1,8.534735679626465,-7.574470520019531,0.2586180765709946,0.7413819234290053
201,1,37.0,0,1,29.7,0,0,0,0,0,5.2221150398254395,-11.319964408874512,0.5912576428635298,0.40874235713646984
202,0,28.0,0,0,7.75,2,1,1,1,1,1.9122658967971802,34.950599670410156,0.4449925928995909,0.5550074071004092
203,0,63.0,1,0,77.9583,0,2,0,1,1,5.686770915985107,-36.169342041015625,0.1892544312129072,0.8107455687870929
204,0,45.0,0,0,7.75,2,2,1,0,0,16.579051971435547,6.855777740478516,0.5808387014976946,0.4191612985023056
205,1,28.0,0,0,0.0,1,2,1,0,0,-3.5857441425323486,30.479185104370117,0.8692889848252733,0.13071101517472686
206,1,7.0,4,1,29.125,2,1,0,0,0,-13.868804931640625,-8.307497024536133,0.891127244510251,0.108872755489749
207,0,35.0,1,1,20.25,2,2,0,1,1,4.511504173278809,-6.164616107940674,0.4316301811866141,0.5683698188133859
208,1,28.0,0,0,7.8542,2,2,1,0,0,1.1727285385131836,24.599573135375977,0.8744754812621981,0.12552451873780188
209,1,16.0,0,0,9.5,2,2,1,0,0,-18.25118637084961,7.9884796142578125,0.8278786029563675,0.17212139704363266
210,1,28.0,0,0,26.0,0,2,1,0,0,-1.6262987852096558,-8.646798133850098,0.66243203177512,0.33756796822488
211,0,26.0,0,0,78.85,0,2,1,1,1,-0.20367105305194855,-38.825252532958984,0.1616848221065008,0.8383151778934992
212,1,36.0,0,0,12.875,1,0,1,0,0,10.634631156921387,8.4550142288208,0.7480706694632333,0.2519293305367668
213,1,24.0,0,0,7.8958,2,2,1,0,0,-11.412240982055664,18.281566619873047,0.873393320807168,0.126606679192832
214,1,28.0,0,0,30.5,0,2,1,0,1,-1.775564432144165,-11.26450252532959,0.5851130247988645,0.41488697520113554
215,0,50.0,0,1,247.5208,0,0,0,1,1,6.266364097595215,-50.04743194580078,0.1299187731330567,0.8700812268669431
216,0,28.0,0,0,7.75,2,1,1,1,1,1.956750750541687,34.30082702636719,0.4449925928995909,0.5550074071004092
217,1,19.0,0,0,0.0,2,2,1,0,0,-19.913562774658203,14.19460391998291,0.8782292433142262,0.12177075668577361
218,0,28.0,0,0,12.35,1,1,1,1,1,2.806797504425049,10.723601341247559,0.2985484828431111,0.7014515171568888
219,1,28.0,0,0,8.05,2,2,1,0,0,1.9776002168655396,23.010862350463867,0.8615746660045037,0.13842533399549628
220,0,28.0,0,0,110.8833,0,0,1,1,1,2.8045334815979004,-43.60377502441406,0.09858937062099922,0.9014106293790007
221,0,17.0,1,0,108.9,0,0,0,1,1,1.9315522909164429,-43.72330856323242,0.09776149273527648,0.9022385072647232
222,1,30.0,1,0,24.0,1,0,0,0,0,-0.0308116152882576,-6.882312774658203,0.6816966491287242,0.31830335087127554
223,0,30.0,0,0,56.9292,0,0,1,1,1,-0.8250163793563843,-32.27519989013672,0.12656739177812626,0.8734326082218737
224,0,24.0,0,0,83.1583,0,0,1,1,1,-0.13356232643127441,-39.75624465942383,0.100656792028008,0.899343207971992
225,0,18.0,2,2,262.375,0,0,0,1,1,5.113577842712402,-50.366294860839844,0.1602342497161611,0.8397657502838386
226,0,26.0,1,1,26.0,1,2,0,1,0,-2.867079257965088,-7.981644153594971,0.24605314410911341,0.7539468558908868
227,1,28.0,0,0,7.8958,2,2,1,0,0,0.797249972820282,23.795963287353516,0.8766561437728937,0.12334385622710636
228,1,43.0,1,1,26.25,1,2,0,0,0,8.367939949035645,-11.468239784240723,0.6785555828350985,0.3214444171649014
229,0,24.0,1,0,26.0,1,2,0,1,1,-3.9956166744232178,-8.17846393585205,0.26476773002504334,0.7352322699749568
230,0,31.0,0,2,164.8667,0,2,0,1,1,4.749934673309326,-47.170867919921875,0.20311206521094569,0.7968879347890543
231,0,40.0,1,1,134.5,0,0,0,1,1,3.3848788738250732,-45.880069732666016,0.11427190400487973,0.8857280959951198
232,1,22.0,0,0,7.25,2,2,1,0,0,-14.686614036560059,15.742999076843262,0.8792196393348438,0.12078036066515634
233,1,27.0,0,0,7.8958,2,2,1,0,0,-3.030552864074707,22.66794204711914,0.8642148853759046,0.13578511462409548
234,0,22.0,1,1,29.0,1,2,0,1,1,-6.0110602378845215,-8.76103401184082,0.23954755103182543,0.7604524489681748
235,1,28.0,8,2,69.55,2,2,0,0,0,-0.6511384844779968,-36.442623138427734,0.9072053749351998,0.09279462506480016
236,0,36.0,0,0,135.6333,0,0,1,1,1,3.6453030109405518,-45.757911682128906,0.09107067060786216,0.9089293293921379
237,1,61.0,0,0,6.2375,2,2,1,0,0,18.866098403930664,3.4151453971862793,0.8747050728376381,0.12529492716236174
238,0,31.0,1,1,20.525,2,2,0,1,1,1.7829316854476929,-5.061359882354736,0.4282645349281106,0.5717354650718893
239,0,28.0,2,0,23.25,2,1,0,1,1,-0.6619129180908203,-6.03809118270874,0.4319243816108234,0.5680756183891766
240,1,38.0,0,1,153.4625,0,2,0,0,0,4.124430179595947,-46.755104064941406,0.5436931559050029,0.45630684409499694
241,0,28.0,1,0,133.65,0,2,0,1,1,3.6466641426086426,-45.283390045166016,0.15955032489840715,0.8404496751015926
242,1,28.0,0,0,7.8958,2,2,1,0,0,0.573797881603241,23.7556095123291,0.8766561437728937,0.12334385622710636
243,1,29.0,1,0,66.6,0,2,0,0,0,-1.22317373752594,-35.51539993286133,0.5675036836007515,0.4324963163992484
244,1,45.0,0,0,8.05,2,2,1,0,1,16.35303497314453,6.741867542266846,0.8624588249232201,0.13754117507677996
245,1,45.0,0,0,35.5,0,2,1,0,0,7.865067958831787,-14.571220397949219,0.631068331644461,0.368931668355539
246,1,28.0,0,0,13.0,1,2,1,0,0,3.3559887409210205,9.894580841064453,0.7646083370146833,0.2353916629853167
247,1,25.0,0,0,13.0,1,2,1,0,0,-3.894090175628662,9.648154258728027,0.7663097581751253,0.23369024182487472
248,1,36.0,0,0,13.0,1,2,1,0,0,10.466841697692871,8.476285934448242,0.7752317283498966,0.2247682716501034
249,0,24.0,0,0,13.0,1,2,1,1,1,-4.191095352172852,9.047688484191895,0.29475610756250736,0.7052438924374929
250,0,40.0,0,0,13.0,1,2,1,1,1,12.930501937866211,7.017758846282959,0.32180999602994126,0.6781900039700589
251,0,28.0,1,0,16.1,2,2,0,1,1,1.5592091083526611,6.753989219665527,0.4212392855226498,0.5787607144773502
252,1,15.0,1,1,7.2292,2,0,0,0,0,-20.66019630432129,8.764955520629883,0.757386737325505,0.24261326267449518
253,1,25.0,1,0,17.8,2,2,0,0,0,-1.6685439348220825,6.780398845672607,0.7697976703098413,0.23020232969015864
254,1,28.0,0,0,7.225,2,0,1,0,0,6.387605667114258,31.156301498413086,0.8204635718504611,0.17953642814953902
255,1,28.0,0,0,9.5,2,2,1,0,0,1.8086037635803223,19.243619918823242,0.840112696503279,0.15988730349672103
256,0,22.0,0,1,55.0,0,2,0,1,1,-2.7156617641448975,-31.75807762145996,0.20240938806134853,0.7975906119386516
257,0,38.0,0,0,13.0,1,2,1,1,0,11.884861946105957,7.573949813842773,0.3194362348218242,0.680563765178176
258,0,28.0,0,0,7.8792,2,1,1,1,1,1.404480218887329,34.7103385925293,0.4448042122112102,0.5551957877887899
259,0,28.0,0,0,7.8792,2,1,1,1,1,1.514857530593872,34.918556213378906,0.4448042122112102,0.5551957877887899
260,1,40.0,1,4,27.9,2,2,0,0,0,6.175947189331055,-11.960829734802246,0.7942547699723412,0.20574523002765857
261,1,29.0,1,0,27.7208,1,0,0,0,0,-0.8368286490440369,-9.678975105285645,0.6749249599100186,0.32507504008998134
262,0,45.0,0,1,14.4542,2,0,0,1,0,14.644935607910156,5.254247188568115,0.42786014315455234,0.5721398568454475
263,1,35.0,0,0,7.05,2,2,1,0,0,13.320450782775879,12.345390319824219,0.8962981309985626,0.10370186900143728
264,1,28.0,1,0,15.5,2,1,0,0,0,2.0640740394592285,7.757011890411377,0.7605366455523469,0.23946335444765288
265,0,60.0,1,0,75.25,0,0,0,1,1,4.829644680023193,-36.43461227416992,0.11277982670453046,0.8872201732954692
266,0,28.0,0,0,7.2292,2,0,1,1,1,3.2470500469207764,34.50290298461914,0.3940071612399904,0.6059928387600096
267,0,28.0,0,0,7.75,2,1,1,1,1,1.9755555391311646,34.312965393066406,0.4449925928995909,0.5550074071004092
268,0,24.0,0,0,69.3,0,0,1,1,1,-1.7995038032531738,-37.12954330444336,0.1264520290450205,0.8735479709549794
269,1,18.0,1,0,6.4958,2,2,0,0,0,-19.670225143432617,11.171890258789062,0.8247046681805685,0.1752953318194313
270,1,19.0,0,0,8.05,2,2,1,0,0,-17.444068908691406,11.300692558288574,0.8640095988601939,0.13599040113980612
271,0,28.0,1,0,82.1708,0,0,0,1,1,0.5209580063819885,-39.38002395629883,0.11219432313408889,0.8878056768659107
272,1,27.0,0,2,211.5,0,0,0,0,0,5.52520227432251,-48.987144470214844,0.5224922544019256,0.4775077455980743
273,1,19.0,0,0,7.775,2,2,1,0,0,-17.963022232055664,11.644425392150879,0.8666040617080125,0.13339593829198734
274,0,42.0,0,0,227.525,0,0,1,1,1,6.138879299163818,-49.4928092956543,0.09938555433774686,0.900614445662253
275,1,32.0,0,0,7.925,2,2,1,0,0,11.634834289550781,14.658553123474121,0.8554971282012729,0.14450287179872723
276,1,28.0,0,0,7.8958,2,2,1,0,0,2.048933982849121,23.74627113342285,0.8766561437728937,0.12334385622710636
277,1,18.0,0,0,73.5,1,2,1,0,0,-1.7426949739456177,-38.30954360961914,0.6808552067027701,0.31914479329723
278,1,1.0,5,2,46.9,2,2,0,0,0,-13.889147758483887,-11.665410995483398,0.808615299064973,0.19138470093502685
279,1,28.0,0,0,7.7292,2,1,1,0,0,4.826846122741699,29.363235473632812,0.860133737772217,0.139866262227783
280,0,17.0,0,0,12.0,1,0,1,1,1,-15.715954780578613,6.77808952331543,0.21851437875762653,0.7814856212423735
281,1,36.0,1,2,120.0,0,2,0,0,1,3.5255026817321777,-44.39215850830078,0.5144346270093274,0.48556537299067254
282,1,21.0,0,0,7.7958,2,2,1,0,1,-15.861684799194336,14.37956428527832,0.8712126582964724,0.1287873417035275
283,0,23.0,1,0,113.275,0,0,0,1,1,2.590507984161377,-43.9925537109375,0.09864205953689589,0.9013579404631038
284,0,24.0,0,2,16.7,2,2,0,1,1,-2.6787924766540527,6.838289737701416,0.4287626361778637,0.5712373638221364
285,1,22.0,0,0,7.7958,2,2,1,0,0,-14.1287202835083,15.465095520019531,0.8712126582964724,0.1287873417035275
286,0,31.0,0,0,7.8542,2,2,1,0,0,10.73495864868164,15.60814380645752,0.541401729416442,0.45859827058355795
287,1,46.0,0,0,26.0,1,2,1,0,0,9.543848037719727,-11.96450138092041,0.7634390464235485,0.2365609535764513
288,1,23.0,0,0,10.5,1,2,1,0,0,-11.828627586364746,13.084511756896973,0.8006368134666088,0.19936318653339127
289,1,39.0,0,0,7.925,2,2,1,0,1,14.797450065612793,9.39299488067627,0.8586022728523823,0.14139772714761775
290,1,26.0,0,0,8.05,2,2,1,0,0,-8.973000526428223,20.1988468170166,0.8573687017251618,0.14263129827483836
291,1,28.0,1,0,15.85,2,2,0,0,0,2.357754945755005,7.218449592590332,0.7668416400425678,0.23315835995743214
292,1,34.0,1,0,21.0,1,2,0,0,0,4.01806116104126,-6.329577445983887,0.7141585714390929,0.28584142856090694
293,1,3.0,1,1,18.75,1,2,0,1,1,-16.213228225708008,-5.36990213394165,0.448910740453043,0.551089259546957
294,1,21.0,0,0,7.775,2,2,1,0,0,-15.424628257751465,14.497014045715332,0.8621899497789363,0.13781005022106363
295,0,28.0,3,1,25.4667,2,2,0,0,0,-2.0559167861938477,-7.039262771606445,0.7024630663503002,0.2975369336496995
296,1,28.0,0,0,7.8958,2,2,1,0,0,1.1982334852218628,23.765195846557617,0.8766561437728937,0.12334385622710636
297,1,28.0,0,0,6.8583,2,1,1,0,0,6.171006679534912,29.365747451782227,0.8725949302959094,0.12740506970409046
298,1,28.0,0,0,0.0,1,2,1,0,0,-3.5857441425323486,30.479185104370117,0.8692889848252733,0.13071101517472686
299,1,44.0,0,0,7.925,2,2,1,0,1,16.29493522644043,7.277060031890869,0.8546458046101998,0.14535419538980027
300,0,28.0,0,0,8.05,2,2,1,0,0,-1.31707763671875,25.896150588989258,0.5157057553974684,0.4842942446025317
301,0,34.0,1,1,32.5,1,2,0,1,1,1.7302943468093872,-11.953335762023926,0.24007975161289793,0.759920248387102
302,0,18.0,0,2,13.0,1,2,0,1,1,-14.928784370422363,7.093576431274414,0.24435329986619114,0.7556467001338087
303,1,30.0,0,0,13.0,1,2,1,0,0,4.9177961349487305,9.94420337677002,0.7657723681688018,0.23422763183119819
304,1,28.0,0,0,7.8958,2,0,1,0,0,5.53223991394043,31.544694900512695,0.7975042376122764,0.20249576238772385
305,1,21.0,0,0,7.7333,2,1,1,0,0,-16.111059188842773,14.937284469604492,0.8523598605032994,0.14764013949670052
306,1,18.0,1,1,20.2125,2,2,0,0,0,-13.274081230163574,4.338140964508057,0.7277123713872872,0.27228762861271283
307,0,19.0,0,0,26.0,1,2,1,1,1,-7.288356304168701,-8.17487907409668,0.2667215548450558,0.7332784451549444
308,1,28.0,0,0,7.75,2,1,1,0,0,4.0874433517456055,29.76820182800293,0.8500764428096048,0.14992355719039518
309,1,32.0,0,0,8.05,2,2,1,0,1,10.972647666931152,14.418822288513184,0.8627040879082325,0.13729591209176753
310,1,28.0,0,0,26.55,0,2,1,0,1,-1.6904597282409668,-9.07098388671875,0.5805817747988645,0.41941822520113553
311,0,28.0,1,0,16.1,2,2,0,1,1,1.5592089891433716,6.753989219665527,0.4212392855226498,0.5787607144773502
312,0,42.0,1,0,26.0,1,2,0,1,1,8.163104057312012,-11.035089492797852,0.2686928809679561,0.7313071190320442
313,1,17.0,0,0,7.125,2,2,1,0,0,-19.25564956665039,9.680008888244629,0.8859863741136692,0.11401362588633077
314,1,50.0,1,0,55.9,0,2,0,0,0,3.8535523414611816,-31.91555404663086,0.5834517470416122,0.4165482529583877
315,0,14.0,1,2,120.0,0,2,0,1,1,2.3393774032592773,-44.588802337646484,0.1995957547090984,0.8004042452909016
316,0,24.0,2,3,18.75,1,2,0,1,1,-2.486741304397583,6.0320329666137695,0.320307990546997,0.6796920094530036
317,1,64.0,1,4,263.0,0,2,0,0,0,6.357419490814209,-50.476661682128906,0.6533158956483205,0.3466841043516796
318,1,31.0,0,0,10.5,1,2,1,0,0,8.038979530334473,12.6399507522583,0.8014245467941601,0.19857545320583994
319,0,45.0,1,1,26.25,1,2,0,1,1,9.247858047485352,-11.562514305114746,0.2500662071399382,0.749933792860062
320,1,20.0,0,0,9.5,2,2,1,0,0,-15.275751113891602,11.283865928649902,0.8397190936893822,0.16028090631061784
321,0,28.0,0,0,13.0,1,2,1,1,1,2.9861867427825928,10.446955680847168,0.2919559139480186,0.7080440860519817
322,1,28.0,0,0,8.1125,2,2,1,0,1,-1.2910085916519165,21.91655731201172,0.8615746660045037,0.13842533399549628
323,1,34.0,0,0,26.55,0,2,1,0,1,3.8577256202697754,-9.71930980682373,0.5805817747988645,0.41941822520113553
324,0,5.0,2,1,19.2583,2,0,0,1,1,-15.863321304321289,-5.230360984802246,0.26211706416599506,0.737882935834005
325,1,52.0,0,0,30.5,0,2,1,0,1,10.279807090759277,-13.910938262939453,0.6075961706076657,0.3924038293923342
326,1,36.0,1,2,27.75,1,2,0,0,0,4.821715831756592,-10.632018089294434,0.6741908971286666,0.3258091028713332
327,1,30.0,0,0,27.75,0,0,1,0,0,-0.5353573560714722,-10.050453186035156,0.5958162250989102,0.4041837749010896
328,1,49.0,1,0,89.1042,0,0,0,1,1,4.129120349884033,-38.969688415527344,0.49653565982122605,0.503464340178774
329,1,29.0,0,0,7.8958,2,0,1,0,1,7.22354793548584,32.489105224609375,0.8046097340661771,0.19539026593382303
330,1,65.0,0,0,26.55,0,2,1,0,0,12.200249671936035,-14.58115291595459,0.6108441121721164,0.38915588782788363
331,0,28.0,1,0,51.8625,0,2,0,1,1,-1.5723811388015747,-30.892093658447266,0.2045014731279708,0.7954985268720294
332,1,48.0,0,0,26.55,0,2,1,0,1,9.682673454284668,-12.747763633728027,0.6030649206076657,0.3969350793923342
333,1,34.0,0,0,8.05,2,2,1,0,0,12.43962574005127,12.803033828735352,0.865809232559342,0.13419076744065803
334,1,47.0,0,0,38.5,0,2,1,0,0,7.885097026824951,-14.991360664367676,0.631068331644461,0.368931668355539
335,1,28.0,0,0,8.05,2,2,1,0,0,0.9223288297653198,23.04681396484375,0.8615746660045037,0.13842533399549628
336,1,38.0,0,0,7.05,2,2,1,0,0,14.5750150680542,10.157629013061523,0.8962981309985626,0.10370186900143728
337,1,56.0,0,0,26.55,0,2,1,0,0,11.284019470214844,-13.76543140411377,0.6062729625657076,0.39372703743429227
338,1,28.0,0,0,7.725,2,1,1,0,0,4.8327555656433105,29.654207229614258,0.860133737772217,0.139866262227783
339,0,0.75,2,1,19.2583,2,0,0,1,1,-16.636402130126953,-5.846152305603027,0.2396852074972963,0.7603147925027038
340,1,28.0,0,0,7.25,2,2,1,0,0,1.5129390954971313,26.287080764770508,0.8836421075333852,0.1163578924666147
341,0,33.0,1,2,27.75,1,2,0,1,1,2.8236491680145264,-9.867920875549316,0.27785008230913916,0.7221499176908608
342,0,23.0,0,0,13.7917,1,0,1,1,1,-4.575273513793945,8.385391235351562,0.23385970039505338,0.7661402996049468
343,1,28.0,0,0,52.0,0,2,1,0,0,-1.53785240650177,-30.92485809326172,0.598876515574549,0.40112348442545104
344,1,34.0,1,0,21.0,1,2,0,0,0,4.018040180206299,-6.329609394073486,0.7141585714390929,0.28584142856090694
345,1,29.0,1,0,7.0458,2,2,0,0,0,3.9353036880493164,25.68294334411621,0.830730942999323,0.16926905700067663
346,0,2.0,0,1,12.2875,2,2,0,1,1,-17.45030403137207,-4.487335205078125,0.3448660269105426,0.6551339730894574
347,1,9.0,5,2,46.9,2,2,0,0,0,-13.028996467590332,-11.906229972839355,0.8907663369936762,0.10923366300632374
348,1,28.0,0,0,0.0,1,2,1,0,0,-3.5857443809509277,30.479185104370117,0.8692889848252733,0.13071101517472686
349,0,63.0,0,0,9.5875,2,2,1,0,1,18.684886932373047,2.929485321044922,0.5155639096900003,0.48443609030999973
350,1,25.0,1,0,91.0792,0,0,0,1,1,0.8382925987243652,-40.723602294921875,0.4983969868827248,0.5016030131172753
351,0,28.0,3,1,25.4667,2,2,0,0,0,-2.0565781593322754,-7.039292812347412,0.7024630663503002,0.2975369336496995
352,0,35.0,1,0,90.0,0,2,0,1,1,2.0848827362060547,-40.07455825805664,0.16111967385046505,0.8388803261495349
353,1,58.0,0,0,29.7,0,0,1,0,0,11.34498405456543,-14.335067749023438,0.623066266559408,0.3769337334405916
354,1,9.0,1,1,15.9,2,2,0,0,1,-16.145483016967773,-3.7059683799743652,0.6491485079962773,0.3508514920037226
355,1,28.0,1,0,19.9667,2,2,0,0,0,0.2099197804927826,-4.202642440795898,0.768807258937961,0.23119274106203888
356,1,71.0,0,0,49.5042,0,0,1,0,0,12.080987930297852,-16.665159225463867,0.6596979317773904,0.3403020682226095
357,1,21.0,0,0,8.05,2,2,1,0,0,-15.257634162902832,14.11818790435791,0.8595954869311178,0.1404045130688824
358,0,25.0,1,2,151.55,0,2,0,1,0,4.6492180824279785,-46.36328887939453,0.23244878681091094,0.767551213189089
359,1,17.0,0,0,8.6625,2,2,1,0,0,-18.419343948364258,9.078859329223633,0.8563513360375242,0.14364866396247591
360,0,21.0,0,0,7.75,2,1,1,1,0,-16.353416442871094,15.468119621276855,0.4381059563513412,0.5618940436486589
361,0,37.0,0,0,9.5875,2,2,1,0,0,13.040742874145508,10.07444953918457,0.5402203838898473,0.45977961611015256
362,1,18.0,1,0,108.9,0,0,0,0,0,2.013659715652466,-43.65894317626953,0.5025050765687457,0.49749492343125445
363,0,33.0,0,2,26.0,1,2,0,1,1,3.058971643447876,-9.265636444091797,0.24714932165614256,0.7528506783438573
364,1,28.0,0,0,26.55,0,2,1,0,1,-1.6912256479263306,-9.070858001708984,0.5805817747988645,0.41941822520113553
365,1,26.0,0,0,56.4958,2,2,1,0,1,-2.131802558898926,-32.28125762939453,0.6950051173826408,0.30499488261735924
366,0,54.0,1,0,59.4,0,0,0,1,1,4.3262553215026855,-32.48015594482422,0.1318520950830563,0.8681479049169434
367,1,24.0,0,0,7.4958,2,2,1,0,0,-11.407666206359863,18.597963333129883,0.8792196393348438,0.12078036066515634
368,1,47.0,0,0,34.0208,0,2,1,0,0,8.468277931213379,-14.3665132522583,0.631068331644461,0.368931668355539
369,0,34.0,0,0,10.5,1,2,1,1,1,10.34560489654541,10.63150405883789,0.3463453891789295,0.6536546108210706
370,0,36.0,1,0,26.0,1,2,0,1,1,5.041531085968018,-9.455726623535156,0.2603766127849486,0.7396233872150516
371,1,32.0,0,0,7.8958,2,2,1,0,0,11.652901649475098,14.694069862365723,0.8798908288345172,0.1201091711654829
372,0,30.0,0,0,93.5,0,2,1,1,1,1.5946154594421387,-40.87366485595703,0.14768595651397265,0.8523140434860275
373,1,22.0,0,0,7.8958,2,2,1,0,0,-14.254434585571289,15.23351764678955,0.873393320807168,0.126606679192832
374,0,44.0,0,1,57.9792,0,0,0,1,1,2.932096242904663,-32.13861846923828,0.15289404311524202,0.8471059568847578
375,1,28.0,0,0,7.2292,2,0,1,0,0,6.278737545013428,31.56731414794922,0.8199080162949056,0.18009198370509452
376,1,40.5,0,0,7.75,2,1,1,0,0,15.382050514221191,8.665247917175293,0.859659515765581,0.14034048423441894
377,0,50.0,0,0,10.5,1,2,1,1,1,16.860122680664062,4.961311340332031,0.3727154813941534,0.6272845186058467
378,1,28.0,0,0,221.7792,0,2,1,0,0,5.164656639099121,-49.5252571105957,0.5494828294420352,0.45051717055796486
379,1,23.0,2,1,11.5,1,2,0,0,0,-5.742267608642578,9.99474811553955,0.7227308330428294,0.27726916695717035
380,0,2.0,1,1,26.0,1,2,0,1,1,-15.446858406066895,-7.40863561630249,0.19064393345629024,0.8093560665437102
381,1,17.0,1,1,7.2292,2,0,0,0,0,-20.520933151245117,9.530747413635254,0.7651645151032826,0.2348354848967174
382,0,28.0,0,2,22.3583,2,0,0,1,1,-1.0150033235549927,-5.193577766418457,0.36249300813529783,0.637506991864702
383,0,30.0,0,0,8.6625,2,2,1,0,0,9.982124328613281,16.2716121673584,0.5331576214191317,0.4668423785808684
384,0,7.0,0,2,26.25,1,2,0,1,1,-14.234400749206543,-7.258825302124023,0.21511989319062189,0.7848801068093781
385,1,45.0,0,0,26.55,0,2,1,0,0,9.001121520996094,-12.171836853027344,0.6065833353115854,0.3934166646884146
386,0,30.0,0,0,106.425,0,0,1,1,1,2.671140670776367,-43.10265350341797,0.09016880794453161,0.9098311920554685
387,0,22.0,0,2,49.5,0,0,0,1,1,-2.8285107612609863,-30.728755950927734,0.17282936901749707,0.8271706309825027
388,0,36.0,0,2,71.0,0,2,0,1,1,1.3539044857025146,-37.086891174316406,0.22262282274614104,0.7773771772538589
389,0,9.0,4,2,31.275,2,2,0,0,0,-13.267982482910156,-8.854212760925293,0.7570241965608243,0.2429758034391755
390,0,11.0,4,2,31.275,2,2,0,0,0,-12.677935600280762,-8.892521858215332,0.7545241965608243,0.2454758034391755
391,1,50.0,1,0,106.425,0,0,0,0,0,3.9684808254241943,-42.221336364746094,0.50800784439398,0.4919921556060201
392,0,19.0,1,0,26.0,1,2,0,1,1,-7.218898296356201,-8.146889686584473,0.257573725253057,0.7424262747469433
393,1,28.0,0,0,13.8625,1,0,1,0,1,2.0636587142944336,9.451472282409668,0.7245001454529075,0.2754998545470926
394,1,33.0,1,1,20.525,2,2,0,0,0,3.6596713066101074,-5.890758037567139,0.7369425969003675,0.26305740309963255
395,1,17.0,0,2,110.8833,0,0,0,1,1,2.017435073852539,-43.960670471191406,0.470750843790016,0.529249156209984
396,1,27.0,0,0,26.0,1,2,1,0,0,-2.2345571517944336,-8.500540733337402,0.7520781474158198,0.24792185258418015
397,1,28.0,0,0,7.8292,2,1,1,0,0,3.963681936264038,29.414213180541992,0.8518593713006172,0.14814062869938283
398,0,22.0,0,0,7.775,2,2,1,1,1,-14.481932640075684,17.133609771728516,0.4896654563054096,0.5103345436945904
399,0,48.0,1,0,39.6,0,0,0,1,1,7.934654712677002,-15.185152053833008,0.17728253413171285,0.822717465868287
400,1,28.0,0,0,227.525,0,0,1,0,0,5.465108871459961,-49.6177978515625,0.5303490570297895,0.46965094297021037
401,0,39.0,1,1,79.65,0,2,0,1,1,2.421862840652466,-38.27804183959961,0.18398128086281507,0.8160187191371848
402,0,36.0,1,0,17.4,2,2,0,1,1,9.133217811584473,6.556772708892822,0.43308962023871184,0.5669103797612882
403,1,28.0,0,0,7.75,2,1,1,0,0,4.456484317779541,29.171489715576172,0.8500764428096048,0.14992355719039518
404,1,40.0,0,0,7.8958,2,2,1,0,0,15.169142723083496,8.913167953491211,0.8829959734856268,0.11700402651437339
405,1,28.0,0,0,8.05,2,2,1,0,0,0.5123298764228821,22.701751708984375,0.8615746660045037,0.13842533399549628
406,1,24.0,2,0,24.15,2,2,0,0,0,-3.758928060531616,-7.438249111175537,0.8072423802270845,0.19275761977291522
407,1,19.0,0,0,7.8958,2,2,1,0,0,-17.596736907958984,11.653414726257324,0.8778074327362444,0.12219256726375573
408,0,29.0,0,4,21.075,2,2,0,0,0,-1.1957671642303467,-4.3886308670043945,0.5689552450714673,0.4310447549285326
409,1,32.0,0,0,7.8542,2,2,1,0,1,11.064436912536621,14.504003524780273,0.8777101663238216,0.12228983367617842
410,1,62.0,0,0,10.5,1,2,1,0,1,18.394309997558594,2.8693103790283203,0.7828192007586625,0.2171807992413374
411,0,53.0,2,0,51.4792,0,2,0,1,1,4.197820663452148,-31.399383544921875,0.21211032170404984,0.7878896782959504
412,1,36.0,0,0,26.3875,0,2,1,0,1,4.870395183563232,-9.904457092285156,0.5935150811190482,0.40648491888095173
413,1,16.0,0,0,8.05,2,2,1,0,0,-19.077333450317383,8.630810737609863,0.8493405724575922,0.15065942754240785
414,0,34.0,0,0,13.0,1,2,1,1,1,8.736701011657715,9.23347282409668,0.2875418019166155,0.7124581980833846
415,0,25.0,1,1,30.0,1,2,0,1,1,-3.153123378753662,-10.573477745056152,0.24621279976159025,0.75378720023841
416,1,36.0,0,0,40.125,0,0,1,0,0,5.394693851470947,-15.269268989562988,0.6138783391785001,0.38612166082149973
417,1,47.0,0,0,15.0,1,2,1,0,0,15.284385681152344,4.814686298370361,0.7759833470176196,0.22401665298238044
418,1,60.0,1,1,79.2,0,0,0,0,1,5.034852981567383,-36.95177459716797,0.5095593130871301,0.49044068691287
419,1,28.0,0,0,8.05,2,2,1,0,0,1.912412405014038,22.987655639648438,0.8615746660045037,0.13842533399549628
420,1,35.0,0,0,7.125,2,2,1,0,0,13.276543617248535,12.302608489990234,0.8962981309985626,0.10370186900143728
421,0,52.0,1,0,78.2667,0,0,0,1,1,4.451720237731934,-37.499549865722656,0.11169287018279134,0.8883071298172083
422,1,47.0,0,0,7.25,2,2,1,0,0,17.1057186126709,6.314245223999023,0.886593783925168,0.11340621607483198
423,0,28.0,0,2,7.75,2,1,0,1,0,1.1339174509048462,32.880393981933594,0.4825334334050347,0.5174665665949653
424,1,37.0,1,0,26.0,1,2,0,0,0,5.524794101715088,-9.835652351379395,0.7194164766682114,0.28058352333178854
425,1,36.0,1,1,24.15,2,2,0,0,0,5.091254234313965,-8.636475563049316,0.7509735533652863,0.24902644663471377
426,0,28.0,0,0,33.0,1,2,1,1,1,-1.5056570768356323,-12.299333572387695,0.25450718838244063,0.7454928116175593
427,1,49.0,0,0,0.0,2,2,1,0,0,18.247507095336914,6.53065299987793,0.8900401808401597,0.1099598191598402
428,1,28.0,0,0,7.225,2,0,1,0,0,6.387326717376709,31.156280517578125,0.8204635718504611,0.17953642814953902
429,1,49.0,1,0,56.9292,0,0,0,0,1,3.678675413131714,-32.08308792114258,0.5208884255661625,0.4791115744338375
430,1,35.0,0,0,26.55,0,0,1,0,1,4.21044397354126,-10.133736610412598,0.5934629115660237,0.40653708843397607
431,1,36.0,1,0,15.55,2,2,0,0,0,9.536323547363281,7.351632118225098,0.7774953048354841,0.22250469516451574
432,1,30.0,0,0,7.8958,2,2,1,0,0,10.482946395874023,16.503984451293945,0.8788840047142463,0.12111599528575384
433,1,27.0,0,0,30.5,0,2,1,0,1,-2.1456539630889893,-11.21345329284668,0.5851130247988645,0.41488697520113554
434,0,22.0,1,2,41.5792,1,0,0,1,1,-10.511337280273438,-12.03183650970459,0.17937156156265793,0.8206284384373417
435,0,40.0,0,0,153.4625,0,2,1,1,1,4.02717924118042,-46.80207061767578,0.154848485115736,0.8451515148842641
436,0,39.0,1,5,31.275,2,2,0,0,0,5.61404275894165,-12.699603080749512,0.6240433313753545,0.3759566686246455
437,1,28.0,0,0,7.05,2,2,1,0,0,1.7786526679992676,26.580867767333984,0.889996046970658,0.11000395302934192
438,0,28.0,1,0,15.5,2,1,0,1,1,1.246026635169983,7.425927639007568,0.3900919334086833,0.6099080665913167
439,1,35.0,0,0,8.05,2,2,1,0,0,12.80126953125,11.920272827148438,0.865809232559342,0.13419076744065803
440,0,24.0,1,2,65.0,1,2,0,1,1,-1.7555058002471924,-35.164634704589844,0.24861430202300003,0.7513856979769998
441,1,34.0,1,1,14.4,2,2,0,0,0,8.620279312133789,8.101849555969238,0.7398548956655148,0.26014510433448523
442,1,26.0,0,0,10.5,1,2,1,0,0,0.7804542779922485,17.409461975097656,0.7984100282606528,0.20158997173934728
443,1,20.0,1,1,15.7417,2,0,0,0,1,-13.338409423828125,5.619359970092773,0.6639288659135576,0.3360711340864424
444,1,61.0,0,0,32.3208,0,2,1,0,0,11.599793434143066,-14.814794540405273,0.6351664096028087,0.36483359039719127
445,1,57.0,0,0,12.35,1,1,1,0,0,17.688186645507812,3.3871850967407227,0.780317483417879,0.21968251658212112
446,0,21.0,0,0,77.9583,0,2,1,1,1,-1.061180591583252,-38.96855163574219,0.16181554106074925,0.8381844589392509
447,1,26.0,0,0,7.8958,2,2,1,0,0,-9.015734672546387,20.170337677001953,0.8724501794935517,0.12754982050644845
448,1,28.0,0,0,7.7333,2,1,1,0,0,4.752397537231445,29.799531936645508,0.8541037268263083,0.14589627317369172
449,1,80.0,0,0,30.0,0,2,1,0,1,12.756219863891602,-15.456442832946777,0.6047133903411305,0.3952866096588696
450,1,51.0,0,0,7.0542,2,2,1,0,0,17.71791648864746,5.269654273986816,0.8909214352446699,0.10907856475532998
451,1,32.0,0,0,30.5,0,0,1,0,1,0.504366397857666,-11.452778816223145,0.5919017514146997,0.40809824858530014
452,0,9.0,3,2,27.9,2,2,0,0,0,-13.427543640136719,-7.993497371673584,0.713359059418034,0.28664094058196576
453,0,28.0,0,0,13.0,1,2,1,1,1,2.9861867427825928,10.446955680847168,0.2919559139480186,0.7080440860519817
454,1,32.0,0,0,7.925,2,2,1,0,0,11.634834289550781,14.658553123474121,0.8554971282012729,0.14450287179872723
455,0,41.0,0,5,39.6875,2,2,0,0,0,6.3698201179504395,-15.007317543029785,0.642489528515179,0.35751047148482085
456,1,28.0,1,0,16.1,2,2,0,0,0,2.3044779300689697,7.057528018951416,0.7664766325750766,0.23352336742492333
457,1,20.0,0,0,7.8542,2,2,1,0,0,-16.650157928466797,12.82717227935791,0.8727982345559617,0.12720176544403822
458,1,28.0,0,0,56.4958,2,2,1,0,1,-1.68064546585083,-32.05302810668945,0.6961070457572964,0.3038929542427036
459,0,0.75,2,1,19.2583,2,0,0,1,1,-16.63614273071289,-5.846155643463135,0.2396852074972963,0.7603147925027038
460,1,48.0,1,0,76.7292,0,0,0,0,1,3.7480180263519287,-37.45002746582031,0.50671199052097,0.49328800947902995
461,1,28.0,0,0,7.55,2,2,1,0,0,1.3190038204193115,25.490510940551758,0.8803990519778297,0.11960094802217025
462,0,23.0,0,0,7.55,2,2,1,1,1,-13.818625450134277,17.578567504882812,0.4982463191427505,0.5017536808572495
463,1,28.0,0,0,7.8958,2,2,1,0,0,-0.015622058883309364,23.87642478942871,0.8766561437728937,0.12334385622710636
464,0,18.0,0,1,23.0,1,2,0,1,1,-7.630840301513672,-7.619481086730957,0.23570680880099049,0.7642931911990096
465,1,21.0,0,0,8.4333,2,2,1,0,0,-14.95505428314209,13.765198707580566,0.8603647177003485,0.13963528229965164
466,1,24.0,2,0,73.5,1,2,0,0,0,-0.9457566142082214,-37.77629852294922,0.6996534522583159,0.30034654774168407
467,1,28.0,0,0,7.8958,2,2,1,0,0,1.9068115949630737,24.24947738647461,0.8766561437728937,0.12334385622710636
468,0,32.0,1,1,15.5,2,1,0,1,0,5.324026584625244,7.0965776443481445,0.4322908176011597,0.5677091823988403
469,1,50.0,2,0,133.65,0,2,0,0,1,3.1146371364593506,-46.25057601928711,0.5612783784744451,0.43872162152555494
470,1,47.0,0,0,25.5875,0,2,1,0,0,9.844632148742676,-12.121962547302246,0.6937279135624498,0.3062720864375499
471,1,36.0,0,0,7.4958,2,2,1,0,0,13.622095108032227,11.489646911621094,0.8899441915612898,0.11005580843871005
472,1,20.0,1,0,7.925,2,2,0,0,1,-17.833158493041992,13.225839614868164,0.776123180570104,0.223876819429896
473,1,25.0,0,0,13.0,1,2,1,0,0,-3.894090175628662,9.648154258728027,0.7663097581751253,0.23369024182487472
474,1,28.0,0,0,7.775,2,2,1,0,0,1.7266407012939453,24.774742126464844,0.865452772744662,0.13454722725533796
475,1,43.0,0,0,8.05,2,2,1,0,0,15.994431495666504,7.602379322052002,0.865809232559342,0.13419076744065803
476,0,40.0,1,1,39.0,1,2,0,1,1,6.248795032501221,-15.066632270812988,0.2445662325618628,0.7554337674381371
477,1,31.0,1,0,52.0,0,2,0,0,0,-0.8001344799995422,-30.96438980102539,0.5929547528963409,0.40704524710365897
478,1,31.0,0,0,13.0,1,2,1,0,1,5.942776679992676,9.942293167114258,0.7657723681688018,0.23422763183119819
479,1,28.0,0,0,0.0,1,2,1,0,0,-3.5857439041137695,30.479167938232422,0.8692889848252733,0.13071101517472686
480,1,18.0,0,0,7.775,2,2,1,0,0,-18.516502380371094,10.508838653564453,0.8666040617080125,0.13339593829198734
481,0,18.0,0,0,9.8417,2,2,1,1,1,-16.677295684814453,8.939080238342285,0.47632138279527886,0.5236786172047213
482,1,36.0,0,1,512.3292,0,0,0,1,1,4.409104824066162,-52.131080627441406,0.48729867170437674,0.5127013282956234
483,1,27.0,0,0,76.7292,0,0,1,0,1,-0.17865805327892303,-38.31770706176758,0.5375251000227442,0.4624748999772557
484,1,20.0,0,0,9.225,2,2,1,0,0,-15.47799015045166,11.610809326171875,0.8561933797897087,0.14380662021029159
485,1,14.0,5,2,46.9,2,2,0,0,0,-12.401655197143555,-12.144129753112793,0.9118216679858836,0.08817833201411646
486,1,60.0,1,1,39.0,1,2,0,0,0,11.30875301361084,-15.438467025756836,0.6836031405429392,0.31639685945706053
487,1,19.0,0,0,10.1708,2,2,1,0,0,-15.534518241882324,9.930440902709961,0.8269028237596694,0.17309717624033077
488,1,18.0,0,0,7.7958,2,2,1,0,0,-18.482376098632812,10.481593132019043,0.8756267702255488,0.12437322977445124
489,0,15.0,0,1,211.3375,0,2,0,1,1,5.03607177734375,-49.193138122558594,0.16707559655703844,0.8329244034429617
490,1,31.0,1,0,57.0,0,2,0,0,1,-0.6470109820365906,-31.995012283325195,0.5577593654189332,0.4422406345810667
491,0,4.0,0,1,13.4167,2,0,0,1,1,-17.042085647583008,-4.379557132720947,0.2774319513302732,0.7225680486697269
492,1,28.0,0,0,56.4958,2,2,1,0,1,-1.4765143394470215,-32.00691604614258,0.6961070457572964,0.3038929542427036
493,1,60.0,0,0,26.55,0,2,1,0,0,11.807254791259766,-14.180108070373535,0.612681413269933,0.38731858673006686
494,0,28.0,0,0,7.7333,2,1,1,1,1,2.092113971710205,34.76567077636719,0.4448593242139222,0.5551406757860778
495,1,49.0,1,1,110.8833,0,0,0,1,0,3.955015182495117,-42.730194091796875,0.4905431617095399,0.5094568382904603
496,1,35.0,0,0,26.2875,0,2,1,0,1,4.357101917266846,-9.713315963745117,0.5915807735812162,0.4084192264187838
497,1,25.0,0,0,7.7417,2,1,1,0,0,-9.996789932250977,18.985004425048828,0.8510041904002067,0.1489958095997933
498,1,39.0,0,0,26.0,1,2,1,0,0,6.505080699920654,-10.356215476989746,0.7660689840534863,0.2339310159465137
499,0,22.0,0,0,151.55,0,2,1,1,1,4.7705769538879395,-46.26423645019531,0.15360256359703645,0.8463974364029637
500,1,28.0,1,1,15.2458,2,0,0,0,1,1.1855731010437012,8.218446731567383,0.6642705925562654,0.33572940744373453
501,0,24.0,0,0,49.5042,0,0,1,1,1,-2.434152126312256,-30.603729248046875,0.14467404706658193,0.8553259529334182
502,1,28.0,0,0,26.55,0,2,1,0,0,-1.7232502698898315,-9.022397994995117,0.5805817747988645,0.41941822520113553
503,1,48.0,1,0,52.0,0,2,0,0,1,3.578569173812866,-31.304855346679688,0.6071250288283935,0.39287497117160647
504,1,29.0,0,0,9.4833,2,2,1,0,0,2.5105342864990234,19.161964416503906,0.8508167367249371,0.14918326327506318
505,1,19.0,0,0,7.65,2,2,1,0,0,-18.055070877075195,11.746599197387695,0.8803906957083645,0.11960930429163558
506,0,38.0,0,0,227.525,0,0,1,1,1,6.037078857421875,-49.49984359741211,0.0955122290494206,0.9044877709505795
507,0,27.0,0,0,10.5,1,2,1,1,1,1.1603500843048096,17.21863555908203,0.334723212855813,0.6652767871441873
508,1,28.0,0,0,15.5,2,1,1,0,0,2.339569330215454,8.168557167053223,0.7866311922406133,0.21336880775938666
509,1,33.0,0,0,7.775,2,2,1,0,0,12.208491325378418,13.769949913024902,0.871792602457395,0.12820739754260496
510,0,6.0,0,1,33.0,1,2,0,1,1,-13.993851661682129,-9.378707885742188,0.17621830232913577,0.8237816976708641
511,1,50.0,0,0,13.0,1,2,1,0,0,16.341733932495117,4.60383415222168,0.7721028060678528,0.22789719393214725
512,1,27.0,1,0,53.1,0,2,0,0,1,-1.9458256959915161,-31.28751564025879,0.5687527972744342,0.4312472027255658
513,0,30.0,3,0,21.0,1,2,0,1,1,1.0165313482284546,-5.012612342834473,0.38879321973786396,0.6112067802621362
514,1,25.0,1,0,26.0,1,2,0,0,0,-3.362320899963379,-8.157694816589355,0.7065897995918367,0.2934102004081631
515,0,25.0,1,0,7.925,2,2,0,1,0,-10.684378623962402,20.880205154418945,0.4936152800562792,0.5063847199437209
516,0,29.0,0,0,211.3375,0,2,1,1,1,5.667136192321777,-48.955177307128906,0.15506690889492503,0.8449330911050751
517,1,11.0,0,0,18.7875,2,0,1,0,0,-15.553563117980957,-3.4202356338500977,0.7260396294909911,0.2739603705090088
518,1,28.0,0,0,0.0,1,2,1,0,0,-3.5857443809509277,30.479185104370117,0.8692889848252733,0.13071101517472686
519,1,23.0,0,0,13.0,1,2,1,0,0,-4.865329742431641,9.346435546875,0.7676654282782179,0.2323345717217819
520,1,23.0,0,0,13.0,1,2,1,0,0,-4.865328311920166,9.346441268920898,0.7676654282782179,0.2323345717217819
521,1,35.0,0,0,512.3292,0,0,1,1,1,4.409095764160156,-52.13103485107422,0.49392814615531827,0.5060718538446818
522,1,28.0,0,0,7.8958,2,2,1,0,0,0.82994544506073,24.264734268188477,0.8766561437728937,0.12334385622710636
523,1,28.0,0,0,7.8958,2,2,1,0,0,1.477337121963501,23.74152946472168,0.8766561437728937,0.12334385622710636
524,1,36.0,1,0,78.85,0,2,0,0,0,1.7188193798065186,-38.35489273071289,0.5410441127846903,0.45895588721530955
525,0,21.0,2,2,262.375,0,0,0,1,1,5.687124252319336,-50.573036193847656,0.1602342497161611,0.8397657502838386
526,1,24.0,1,0,16.1,2,2,0,0,0,-2.487375497817993,7.440521717071533,0.7657108259381615,0.2342891740618384
527,1,70.0,1,1,71.0,0,2,0,0,0,5.829824924468994,-36.07257843017578,0.6243955812174928,0.3756044187825072
528,0,4.0,1,1,23.0,1,2,0,1,1,-15.366453170776367,-6.552130699157715,0.18965871584431204,0.8103412841556882
529,1,6.0,0,1,12.475,2,2,0,0,1,-17.03586196899414,-3.7901885509490967,0.5409435014642917,0.45905649853570835
530,1,33.0,0,0,9.5,2,2,1,0,0,11.064223289489746,12.944330215454102,0.8443472630581172,0.15565273694188275
531,1,23.0,0,0,7.8958,2,2,1,0,0,-13.036999702453613,16.452983856201172,0.873393320807168,0.126606679192832
532,0,48.0,1,2,65.0,1,2,0,1,1,3.722161054611206,-33.270751953125,0.25039750320659654,0.7496024967934032
533,1,28.0,0,0,7.7958,2,2,1,0,0,0.7855197787284851,24.92290496826172,0.8744754812621981,0.12552451873780188
534,1,34.0,0,0,8.05,2,2,1,0,0,12.439647674560547,12.803216934204102,0.865809232559342,0.13419076744065803
535,1,28.0,0,0,14.5,2,2,1,0,0,2.838622570037842,8.646391868591309,0.7968284618067737,0.20317153819322628
536,1,41.0,0,0,7.125,2,2,1,0,0,15.727842330932617,8.555964469909668,0.8962981309985626,0.10370186900143728
537,1,20.0,0,0,7.2292,2,0,1,0,1,-17.783859252929688,14.502565383911133,0.8195303213576817,0.1804696786423184
538,0,51.0,1,0,77.9583,0,2,0,1,1,4.336686134338379,-37.59170913696289,0.17023559089829224,0.8297644091017077
539,1,28.0,0,0,39.6,0,0,1,0,0,-1.2820308208465576,-13.865474700927734,0.6168535995718656,0.3831464004281343
540,1,28.0,1,0,24.15,2,1,0,0,0,-1.0996780395507812,-6.808262825012207,0.7667960088289644,0.23320399117103535
541,1,32.0,0,0,8.3625,2,2,1,0,0,11.272390365600586,14.229639053344727,0.8634733186774634,0.13652668132253676
542,1,48.0,0,0,7.8542,2,2,1,0,0,17.110902786254883,5.898212432861328,0.8754386152210384,0.12456138477896161
543,0,57.0,0,0,10.5,1,2,1,1,0,17.928539276123047,3.6196258068084717,0.37602797626770085,0.6239720237322992
544,1,18.0,0,0,7.75,2,2,1,0,0,-18.553747177124023,10.540602684020996,0.8683630725037671,0.13163692749623285
545,1,28.0,0,0,7.75,2,1,1,0,0,4.651806354522705,29.193872451782227,0.8500764428096048,0.14992355719039518
546,0,5.0,0,0,12.475,2,2,1,1,1,-17.14101791381836,-3.9569787979125977,0.34758124654648753,0.6524187534535126
547,0,17.0,1,0,57.0,0,2,0,1,1,-3.237396478652954,-32.26091766357422,0.1824229813861788,0.8175770186138213
548,1,29.0,0,0,30.0,0,2,1,0,0,-1.1337350606918335,-11.047603607177734,0.5851130247988645,0.41488697520113554
549,1,28.0,1,2,23.45,2,2,0,0,0,-1.513144612312317,-5.844021797180176,0.7487332047980059,0.25126679520199424
550,1,25.0,0,0,7.05,2,2,1,0,0,-10.594027519226074,19.421897888183594,0.8842179086690236,0.11578209133097633
551,1,1.0,1,2,20.575,2,2,0,0,1,-16.122777938842773,-6.1395697593688965,0.5319159157471433,0.4680840842528569
552,1,46.0,0,0,79.2,0,0,1,0,0,3.540767192840576,-37.946468353271484,0.5394216532456121,0.46057834675438786
553,1,28.0,0,0,7.75,2,1,1,0,0,4.0867838859558105,29.770708084106445,0.8500764428096048,0.14992355719039518
554,1,16.0,0,0,26.0,1,2,1,0,0,-8.074378967285156,-8.176738739013672,0.7480279189337093,0.2519720810662905
555,0,28.0,8,2,69.55,2,2,0,0,0,-0.6213741302490234,-36.46004104614258,0.7905144838036311,0.20948551619636874
556,1,28.0,0,0,30.6958,0,0,1,0,0,-1.1836909055709839,-11.383228302001953,0.6095491448382816,0.39045085516171824
557,1,25.0,0,0,7.8958,2,2,1,0,0,-10.039073944091797,19.5660457611084,0.8720376507040752,0.1279623492959248
558,1,39.0,0,0,13.0,1,2,1,0,0,12.39495849609375,7.251346588134766,0.7782511584017101,0.22174884159828998
559,0,49.0,0,0,25.9292,0,2,1,1,1,10.164874076843262,-12.61530876159668,0.2675261975829233,0.7324738024170769
560,0,31.0,0,0,8.6833,2,2,1,0,1,10.238092422485352,15.266477584838867,0.5314578116395484,0.46854218836045164
561,1,30.0,0,0,7.2292,2,0,1,0,0,8.506902694702148,31.327070236206055,0.8322102608303787,0.1677897391696216
562,0,30.0,1,1,24.15,2,2,0,1,0,-0.2318723499774933,-7.031431674957275,0.44015899271380726,0.5598410072861927
563,1,34.0,0,0,13.0,1,2,1,0,0,9.14553165435791,9.14486026763916,0.7665262812928176,0.23347371870718228
564,0,31.0,1,1,26.25,1,2,0,1,1,0.7339810132980347,-8.608203887939453,0.24222612943312122,0.757773870566879
565,1,11.0,1,2,120.0,0,2,0,1,1,2.1079578399658203,-44.615478515625,0.4014603411665625,0.5985396588334378
566,1,31.0,0,0,7.775,2,2,1,0,0,11.115557670593262,15.639740943908691,0.8694470886123559,0.13055291138764405
567,1,39.0,0,0,0.0,0,2,1,0,0,16.679115295410156,11.938421249389648,0.8246511793166955,0.17534882068330443
568,1,39.0,0,0,13.0,1,2,1,0,0,12.39495849609375,7.251347064971924,0.7782511584017101,0.22174884159828998
569,0,33.0,1,0,53.1,0,2,0,1,1,-0.32992854714393616,-31.145109176635742,0.1918965433500088,0.8081034566499915
570,1,26.0,0,0,7.8875,2,2,1,0,0,-9.018536567687988,20.167503356933594,0.8702695169828562,0.12973048301714396
571,1,39.0,0,0,24.15,2,2,1,0,0,6.678009510040283,-9.706930160522461,0.8092159477129727,0.19078405228702727
572,1,35.0,0,0,10.5,1,2,1,0,0,11.275686264038086,10.311742782592773,0.8060908515965938,0.19390914840340634
573,1,30.5,0,0,8.05,2,2,1,0,0,10.674497604370117,16.13692283630371,0.8616972637879615,0.13830273621203848
574,1,28.0,0,0,0.0,0,2,1,0,0,-3.4915759563446045,30.512331008911133,0.7965113553194293,0.20348864468057073
575,0,23.0,0,0,7.925,2,2,1,0,0,-13.081236839294434,17.044706344604492,0.501166364608229,0.49883363539177095
576,1,31.0,1,1,37.0042,1,0,0,0,0,-0.6825987100601196,-13.514297485351562,0.6487069952601513,0.3512930047398485
577,1,10.0,3,2,27.9,2,2,0,0,0,-13.08407211303711,-8.083864212036133,0.8772918720923333,0.12270812790766655
578,0,52.0,1,1,93.5,0,2,0,1,1,4.326447010040283,-39.55512237548828,0.1737043642911556,0.8262956357088442
579,1,27.0,0,0,8.6625,2,2,1,0,1,-2.0641744136810303,21.448875427246094,0.8493711982144737,0.15062880178552646
580,1,2.0,4,1,39.6875,2,2,0,0,0,-14.154679298400879,-10.706575393676758,0.8357640925253808,0.1642359074746194
581,1,28.0,0,0,6.95,2,1,1,0,0,6.078195571899414,29.38042640686035,0.8725949302959094,0.12740506970409046
582,1,28.0,0,0,56.4958,2,2,1,0,0,-1.4735487699508667,-32.44279861450195,0.6961070457572964,0.3038929542427036
583,1,28.0,0,0,7.75,2,1,1,0,1,3.494802236557007,30.909151077270508,0.8500764428096048,0.14992355719039518
584,0,15.0,1,0,14.4542,2,0,0,1,1,-15.593382835388184,5.655665874481201,0.3571618879709959,0.6428381120290041
585,1,28.0,0,0,7.2292,2,0,1,0,0,6.278720855712891,31.567289352416992,0.8199080162949056,0.18009198370509452
586,1,23.0,0,0,7.8542,2,2,1,0,0,-13.054931640625,16.481996536254883,0.8712126582964724,0.1287873417035275
587,1,18.0,0,0,8.3,2,2,1,0,0,-18.037405014038086,10.151556015014648,0.8608840927873195,0.1391159072126806
588,0,39.0,1,1,83.1583,0,0,0,1,1,2.5799708366394043,-38.93674850463867,0.1177334424664182,0.8822665575335814
589,1,21.0,0,0,8.6625,2,2,1,0,0,-14.77216625213623,13.528200149536133,0.8598332775380767,0.14016672246192344
590,1,28.0,0,0,8.05,2,2,1,0,0,1.2393702268600464,22.511123657226562,0.8615746660045037,0.13842533399549628
591,1,28.0,0,0,29.7,0,0,1,0,1,-1.3747459650039673,-10.760683059692383,0.5920067012893865,0.4079932987106134
592,1,16.0,0,0,10.5,1,2,1,0,0,-17.48990821838379,7.586404323577881,0.7834377665614898,0.2165622334385101
593,0,30.0,0,0,31.0,0,0,1,1,1,-0.43684011697769165,-11.602034568786621,0.16945942164494743,0.8305405783550529
594,1,34.5,0,0,6.4375,2,0,1,0,0,13.951045036315918,12.948951721191406,0.844713147200857,0.155286852799143
595,1,42.0,0,0,7.55,2,2,1,0,0,15.869898796081543,8.053414344787598,0.8867011360057343,0.11329886399426561
596,1,28.0,8,2,69.55,2,2,0,0,0,-1.0593928098678589,-36.48655319213867,0.9072053749351998,0.09279462506480016
597,1,35.0,0,0,7.8958,2,0,1,0,0,13.870944023132324,12.33160400390625,0.8157190673250093,0.1842809326749908
598,1,28.0,0,1,33.0,1,2,0,0,0,-1.7215147018432617,-12.319109916687012,0.6573048476574311,0.3426951523425688
599,0,28.0,1,0,89.1042,0,0,0,1,1,1.0328129529953003,-40.282440185546875,0.10433718027694605,0.8956628197230536
600,1,4.0,4,2,31.275,2,2,0,0,0,-14.408520698547363,-8.930096626281738,0.8421931201507854,0.15780687984921452
601,0,16.0,0,1,39.4,0,2,0,1,1,-11.338187217712402,-11.208925247192383,0.20124204009800714,0.798757959901993
602,0,18.0,0,1,9.35,2,2,0,1,1,-16.943153381347656,9.06728458404541,0.48388004968509285,0.5161199503149071
603,0,45.0,1,1,164.8667,0,2,0,1,1,4.246033191680908,-47.427555084228516,0.17988981608883756,0.8201101839111624
604,1,51.0,0,0,26.55,0,2,1,0,1,10.514168739318848,-13.12757682800293,0.6030649206076657,0.3969350793923342
605,0,24.0,0,3,19.2583,2,0,0,1,1,-2.3866398334503174,5.894876956939697,0.3452275968490526,0.6547724031509474
606,1,41.0,2,0,14.1083,2,2,0,0,0,13.104429244995117,6.2973856925964355,0.819744058217293,0.18025594178270674
607,1,24.0,0,0,13.0,1,2,1,0,0,-4.419010162353516,9.512128829956055,0.7676654282782179,0.2323345717217819
608,0,42.0,0,0,13.0,1,2,1,1,1,13.66344165802002,6.499140739440918,0.32180999602994126,0.6781900039700589
609,0,27.0,1,0,13.8583,1,0,0,1,1,1.0953401327133179,9.321099281311035,0.23986829015835853,0.7601317098416418
610,1,31.0,0,0,50.4958,0,2,1,0,0,-0.8649776577949524,-30.56616973876953,0.60261863949006,0.3973813605099401
611,1,4.0,1,1,11.1333,2,2,0,0,1,-17.46502685546875,-3.9288113117218018,0.5547309545288601,0.44526904547113993
612,1,26.0,0,0,7.8958,2,2,1,0,0,-9.015735626220703,20.170337677001953,0.8724501794935517,0.12754982050644845
613,0,47.0,1,1,52.5542,0,2,0,1,1,3.2875146865844727,-31.436120986938477,0.20638635101519875,0.7936136489848014
614,1,33.0,0,0,5.0,0,2,1,0,0,13.725541114807129,14.201725006103516,0.805961637520517,0.19403836247948314
615,1,47.0,0,0,9.0,2,2,1,0,0,16.5795955657959,5.954674243927002,0.8604905715741351,0.13950942842586497
616,0,28.0,1,0,24.0,1,0,0,1,1,-0.7071517705917358,-6.550015449523926,0.22855955527712996,0.7714404447228702
617,0,15.0,0,0,7.225,2,0,1,1,1,-20.356689453125,7.912383556365967,0.3664113685031961,0.633588631496804
618,1,20.0,0,0,9.8458,2,2,1,0,0,-15.10700798034668,10.946378707885742,0.8269028237596694,0.17309717624033077
619,1,19.0,0,0,7.8958,2,2,1,0,0,-17.754581451416016,11.479606628417969,0.8778074327362444,0.12219256726375573
620,1,28.0,0,0,7.8958,2,2,1,0,0,1.3783317804336548,24.197446823120117,0.8766561437728937,0.12334385622710636
621,0,22.0,0,0,10.5167,2,2,1,1,0,-12.586841583251953,12.625434875488281,0.4540111016329915,0.5459888983670088
622,1,28.0,0,0,10.5,1,2,1,0,0,1.4836375713348389,18.10980796813965,0.8002605156400416,0.19973948435995845
623,1,25.0,0,0,7.05,2,2,1,0,0,-10.594318389892578,19.422395706176758,0.8842179086690236,0.11578209133097633
624,0,19.0,0,0,30.0,0,2,1,1,1,-7.2553534507751465,-8.88530158996582,0.21619377071336898,0.7838062292866316
625,0,28.0,1,2,23.45,2,2,0,1,0,-1.3946611881256104,-5.806779861450195,0.46610689965850555,0.5338931003414945
626,1,32.0,0,0,7.75,2,1,1,0,0,12.112688064575195,14.846644401550293,0.8565543711144714,0.14344562888552845
