id,sex,age,n_siblings_spouses,parch,fare,class,embark_town,alone,predict,survived,x,y,predict0,predict1
0,1,22.0,1,0,7.25,2,2,0,0,0,-2.2803800106048584,26.490480422973633,0.8104358567373725,0.18956414326262738
1,0,38.0,1,0,71.2833,0,0,0,1,1,-8.502184867858887,12.149324417114258,0.12300142386382473,0.8769985761361749
2,0,26.0,0,0,7.925,2,2,1,0,1,6.361397743225098,-12.150400161743164,0.50524199486033,0.4947580051396701
3,0,35.0,1,0,53.1,0,2,0,1,1,-11.303133964538574,16.659040451049805,0.1918965433500088,0.8081034566499915
4,1,28.0,0,0,8.4583,2,1,1,0,0,11.930418014526367,3.0832836627960205,0.839392159399257,0.16060784060074312
5,1,2.0,3,1,21.075,2,2,0,0,0,3.948575019836426,21.18182945251465,0.7565881848603353,0.24341181513966476
6,0,27.0,0,2,11.1333,2,2,0,1,1,-17.895851135253906,16.981029510498047,0.4457360371721827,0.5542639628278174
7,0,14.0,1,0,30.0708,1,0,0,1,1,-9.406708717346191,13.354522705078125,0.1896232939012807,0.8103767060987194
8,0,4.0,1,1,16.7,2,2,0,1,1,-19.833158493041992,13.909167289733887,0.34486562891932765,0.6551343710806724
9,1,20.0,0,0,8.05,2,2,1,0,0,32.226444244384766,0.7430588603019714,0.861181063190607,0.1388189368093931
10,1,39.0,1,5,31.275,2,2,0,0,0,2.457587718963623,22.473779678344727,0.7923302416704544,0.20766975832954537
11,0,14.0,0,0,7.8542,2,2,1,1,0,5.703330993652344,-11.721064567565918,0.49360606321076667,0.5063939367892334
12,1,2.0,4,1,29.125,2,1,0,0,0,4.586016654968262,18.86470603942871,0.8697986924657559,0.13020130753424403
13,1,28.0,0,0,13.0,1,2,1,0,1,-5.062486171722412,-27.833942413330078,0.7646083370146833,0.2353916629853167
14,0,31.0,1,0,18.0,2,2,0,1,0,-14.766603469848633,20.61964988708496,0.43790118233253195,0.562098817667468
15,0,28.0,0,0,7.225,2,0,1,1,1,2.24751877784729,-7.9190287590026855,0.3940071612399904,0.6059928387600096
16,1,35.0,0,0,26.0,1,2,1,0,0,-6.681730270385742,-26.883102416992188,0.7559052670959181,0.244094732904082
17,1,28.0,0,0,35.5,0,2,1,0,1,-21.40400505065918,-12.127697944641113,0.6076914045628251,0.39230859543717495
18,0,38.0,1,5,31.3875,2,2,0,0,1,-20.164852142333984,13.99755859375,0.5960665312308651,0.40393346876913483
19,1,28.0,0,0,7.225,2,0,1,0,0,9.427702903747559,2.3703083992004395,0.8204635718504611,0.17953642814953902
20,1,19.0,3,2,263.0,0,2,0,0,0,-1.5524789094924927,16.47370147705078,0.6593991530896297,0.3406008469103702
21,0,28.0,0,0,7.8792,2,1,1,1,1,3.510965347290039,-7.504089832305908,0.4448042122112102,0.5551957877887899
22,1,28.0,0,0,7.8958,2,2,1,0,0,27.47298812866211,-10.67617130279541,0.8766561437728937,0.12334385622710636
23,1,40.0,0,0,27.7208,0,0,1,0,0,-10.680906295776367,-12.795536041259766,0.6076344370189659,0.3923655629810339
24,0,28.0,1,0,146.5208,0,0,0,1,1,-8.722831726074219,12.048254013061523,0.10087564181540758,0.899124358184592
25,0,28.0,0,0,7.75,2,1,1,1,1,3.4236457347869873,-7.948764801025391,0.4449925928995909,0.5550074071004092
26,1,66.0,0,0,10.5,1,2,1,0,0,-9.008428573608398,-27.7401123046875,0.7928192007586625,0.2071807992413374
27,1,28.0,1,0,82.1708,0,0,0,0,0,-5.23161506652832,15.670477867126465,0.5043939646211887,0.4956060353788115
28,1,42.0,1,0,52.0,0,2,0,0,0,-5.916648864746094,21.075305938720703,0.6130417486170588,0.38695825138294104
29,1,28.0,0,0,7.2292,2,0,1,0,1,9.277499198913574,1.6204899549484253,0.8199080162949056,0.18009198370509452
30,0,14.0,1,0,11.2417,2,0,0,1,1,-18.000497817993164,21.083709716796875,0.3436576261684125,0.6563423738315873
31,0,40.0,1,0,9.475,2,2,0,0,0,-14.772007942199707,20.58354949951172,0.5459748487031003,0.4540251512968997
32,0,27.0,1,0,21.0,1,2,0,1,0,-12.929272651672363,17.761343002319336,0.2778417645084875,0.7221582354915129
33,1,28.0,0,0,7.8958,2,0,1,0,0,9.722709655761719,2.071345090866089,0.7975042376122764,0.20249576238772385
34,0,3.0,1,2,41.5792,1,0,0,1,1,-11.61620807647705,9.12187385559082,0.14116657336420205,0.8588334266357979
35,1,28.0,0,0,8.05,2,2,1,0,0,28.707704544067383,-10.300649642944336,0.8615746660045037,0.13842533399549628
36,1,28.0,1,0,15.5,2,1,0,0,0,-0.9074128866195679,23.965576171875,0.7605366455523469,0.23946335444765288
37,1,28.0,2,0,21.6792,2,0,0,0,0,-0.7590827941894531,23.79733657836914,0.714357787504089,0.2856422124959109
38,0,18.0,1,0,17.8,2,2,0,1,0,-14.821331977844238,20.6074275970459,0.4220519147668282,0.5779480852331718
39,1,7.0,4,1,39.6875,2,2,0,0,0,3.927964448928833,21.182374954223633,0.8764492670002686,0.12355073299973145
40,0,49.0,1,0,76.7292,0,0,0,1,1,-8.556984901428223,11.839112281799316,0.11232580961051335,0.8876741903894864
41,0,29.0,1,0,26.0,1,2,0,1,1,-12.91712760925293,17.757869720458984,0.26394591971564174,0.7360540802843586
42,1,65.0,0,1,61.9792,0,0,0,0,0,-3.6834115982055664,13.677511215209961,0.6111136109670241,0.3888863890329756
43,1,28.0,0,0,35.5,0,2,1,0,1,-21.157020568847656,-11.168375015258789,0.6076914045628251,0.39230859543717495
44,0,21.0,0,0,10.5,1,2,1,1,1,1.5502442121505737,-16.152769088745117,0.3291167337424285,0.6708832662575717
45,1,28.5,0,0,7.2292,2,0,1,0,0,9.261911392211914,2.350398302078247,0.8278029864330169,0.1721970135669833
46,1,11.0,5,2,46.9,2,2,0,0,0,4.739522933959961,22.36111068725586,0.9019498731140887,0.09805012688591132
47,1,22.0,0,0,7.2292,2,0,1,0,0,9.759132385253906,1.676153302192688,0.8233724266208395,0.17662757337916055
48,0,38.0,0,0,80.0,0,2,1,1,1,-1.3808332681655884,-15.349370002746582,0.159108967605098,0.8408910323949021
49,1,45.0,1,0,83.475,0,2,0,0,0,-5.904886245727539,20.8879337310791,0.5568060693204554,0.4431939306795446
50,1,4.0,3,2,27.9,2,2,0,0,0,4.876512050628662,22.11614227294922,0.8377951609671119,0.162204839032888
51,1,28.0,1,1,15.2458,2,0,0,0,1,2.9223296642303467,18.059751510620117,0.6642705925562654,0.33572940744373453
52,1,19.0,0,0,8.1583,2,2,1,0,0,32.1771354675293,1.7909976243972778,0.8640095988601939,0.13599040113980612
53,0,17.0,4,2,7.925,2,2,0,0,1,-20.646617889404297,15.429678916931152,0.5783077876142779,0.42169221238572197
54,1,26.0,2,0,8.6625,2,2,0,0,0,-1.2634389400482178,26.434776306152344,0.8076986588978565,0.1923013411021438
55,1,32.0,0,0,10.5,1,2,1,0,0,-6.183913707733154,-27.63718605041504,0.8014245467941601,0.19857545320583994
56,1,21.0,0,0,73.5,1,2,1,0,0,-5.728645324707031,-30.368370056152344,0.6710168950144585,0.3289831049855416
57,1,32.0,0,0,56.4958,2,2,1,0,1,22.965103149414062,-12.336529731750488,0.6998693797284277,0.3001306202715723
58,1,25.0,0,0,7.65,2,2,1,0,0,30.047948837280273,-4.472780227661133,0.8746209136761953,0.12537908632380465
59,1,28.0,0,0,7.8958,2,2,1,0,0,27.476179122924805,-10.683385848999023,0.8766561437728937,0.12334385622710636
60,1,28.0,0,0,8.05,2,2,1,0,0,28.715152740478516,-10.269179344177246,0.8615746660045037,0.13842533399549628
61,1,0.83,0,2,29.0,1,2,0,1,1,-2.3756604194641113,20.869373321533203,0.4418361409895449,0.5581638590104552
62,0,30.0,0,0,12.475,2,2,1,1,1,5.856685161590576,-12.519500732421875,0.4286046897146955,0.5713953102853047
63,1,22.0,0,0,9.0,2,2,1,0,0,31.4261474609375,-1.3319511413574219,0.8546078035302194,0.14539219646978088
64,1,29.0,0,0,9.5,2,2,1,0,1,26.617517471313477,-12.900120735168457,0.8390712631326183,0.16092873686738168
65,0,28.0,0,0,7.7875,2,1,1,1,1,3.431391716003418,-7.946117877960205,0.4449925928995909,0.5550074071004092
66,1,28.0,0,0,47.1,0,2,1,0,0,-20.91028594970703,-11.169563293457031,0.6076914045628251,0.39230859543717495
67,1,16.0,1,3,34.375,2,2,0,0,0,2.7095582485198975,22.365510940551758,0.7675613541721327,0.232438645827867
68,1,28.0,0,0,8.05,2,2,1,0,0,28.48712158203125,-10.716508865356445,0.8615746660045037,0.13842533399549628
69,0,23.0,3,2,263.0,0,2,0,1,1,-13.267449378967285,9.499100685119629,0.3427676549857073,0.6572323450142926
70,1,24.0,0,0,8.05,2,2,1,0,0,30.442964553833008,-3.4573733806610107,0.8595954869311178,0.1404045130688824
71,1,46.0,1,0,61.175,0,2,0,0,0,-5.901083469390869,20.94744300842285,0.5875906793214695,0.41240932067853037
72,1,59.0,0,0,7.25,2,2,1,0,0,20.54034423828125,-19.796615600585938,0.8864890644348482,0.11351093556515175
73,1,28.0,0,0,8.05,2,2,1,0,0,28.471311569213867,-10.716423988342285,0.8615746660045037,0.13842533399549628
74,1,71.0,0,0,34.6542,0,0,1,0,0,-9.873804092407227,-12.522317886352539,0.6534573302736311,0.3465426697263688
75,1,23.0,0,1,63.3583,0,0,0,0,1,-3.8581831455230713,13.724048614501953,0.5419737185643564,0.45802628143564356
76,0,34.0,0,1,23.0,1,2,0,1,1,-15.575650215148926,14.521378517150879,0.23818543964053285,0.761814560359467
77,1,34.0,1,0,26.0,1,2,0,0,0,-4.8948516845703125,22.846696853637695,0.7163970466163978,0.283602953383602
78,0,28.0,0,0,7.8958,2,2,1,0,0,6.225062847137451,-12.457573890686035,0.5092938358723662,0.49070616412763385
79,1,28.0,0,0,7.8958,2,2,1,0,0,27.47618293762207,-10.683390617370605,0.8766561437728937,0.12334385622710636
80,1,21.0,0,1,77.2875,0,2,0,0,0,-3.376538038253784,20.07801055908203,0.5375271076227262,0.46247289237727385
81,1,33.0,0,0,8.6542,2,2,1,0,0,24.452953338623047,-15.980684280395508,0.866047023166301,0.13395297683369906
82,1,37.0,2,0,7.925,2,2,0,0,0,-1.2355819940567017,26.413400650024414,0.8183547448026764,0.1816452551973235
83,1,28.0,0,0,7.8958,2,2,1,0,0,28.201574325561523,-9.746386528015137,0.8766561437728937,0.12334385622710636
84,1,28.0,0,0,7.775,2,2,1,0,1,27.207162857055664,-10.109341621398926,0.865452772744662,0.13454722725533796
85,0,28.0,1,0,24.15,2,1,0,1,1,-18.061107635498047,20.541223526000977,0.3957962569373103,0.6042037430626898
86,1,47.0,0,0,52.0,0,2,1,0,0,-19.411344528198242,-11.90474796295166,0.6237530067363942,0.37624699326360583
87,0,14.5,1,0,14.4542,2,0,0,1,0,-17.997196197509766,21.087322235107422,0.36229790228741215,0.6377020977125879
88,1,22.0,0,0,8.05,2,2,1,0,0,31.10972785949707,-1.128373384475708,0.8595954869311178,0.1404045130688824
89,0,17.0,0,0,14.4583,2,0,1,1,0,2.243638038635254,-7.905176639556885,0.3440779726584222,0.6559220273415779
90,1,21.0,0,0,7.925,2,2,1,0,0,31.85468292236328,-0.2721647024154663,0.852388527224158,0.14761147277584208
91,1,70.5,0,0,7.75,2,1,1,0,0,13.415966987609863,3.970607280731201,0.8372713046490757,0.16272869535092419
92,1,29.0,1,0,21.0,1,2,0,0,0,-4.867103099822998,22.895465850830078,0.7129945402849743,0.28700545971502534
93,1,24.0,0,1,247.5208,0,0,0,0,0,-3.695204496383667,13.638717651367188,0.5267430313987354,0.47325696860126454
94,1,28.0,0,0,8.05,2,2,1,0,0,28.714651107788086,-10.27088451385498,0.8615746660045037,0.13842533399549628
95,1,32.5,1,0,30.0708,1,0,0,0,0,-5.247379302978516,16.9752197265625,0.676088991064137,0.32391100893586283
96,0,32.5,0,0,13.0,1,2,1,1,1,1.378328800201416,-16.835460662841797,0.2875418019166155,0.7124581980833846
97,1,28.0,0,0,7.75,2,1,1,0,0,12.14002513885498,2.97182035446167,0.8500764428096048,0.14992355719039518
98,1,24.0,0,0,7.1417,2,2,1,0,1,30.464216232299805,-3.4077210426330566,0.8797751948903993,0.12022480510960078
99,1,45.0,0,0,6.975,2,2,1,0,0,21.674562454223633,-18.849834442138672,0.8929477233624407,0.10705227663755922
100,1,20.0,0,0,7.05,2,2,1,0,0,32.26231002807617,0.8260969519615173,0.8871591550316057,0.11284084496839426
101,0,47.0,1,0,14.5,2,2,0,1,0,-14.789774894714355,20.530838012695312,0.46895883642791253,0.5310411635720875
102,1,23.0,0,0,15.0458,1,0,1,0,0,-10.551427841186523,-15.423578262329102,0.728659165091098,0.2713408349089022
103,0,19.0,0,2,26.2833,0,2,0,1,1,-13.892791748046875,14.438359260559082,0.22379863188874322,0.776201368111257
104,1,37.0,1,0,53.1,0,2,0,0,0,-5.950775146484375,21.197185516357422,0.5790405570040178,0.42095944299598215
105,1,16.0,0,0,9.2167,2,2,1,0,0,32.84573745727539,3.454721450805664,0.8443528890566938,0.1556471109433063
106,1,24.0,0,0,79.2,0,0,1,0,0,-10.40403938293457,-13.191530227661133,0.5375996074626674,0.46240039253733245
107,0,28.0,0,2,15.2458,2,0,0,1,0,-19.949888229370117,18.804431915283203,0.3874012671086543,0.6125987328913456
108,0,22.0,0,0,7.75,2,2,1,1,1,5.981774806976318,-11.79535961151123,0.4896654563054096,0.5103345436945904
109,1,19.0,0,0,6.75,2,1,1,0,0,12.71967601776123,3.0968968868255615,0.8752651759019768,0.124734824098023
110,1,18.0,0,0,11.5,1,2,1,0,0,-4.923881530761719,-30.00592803955078,0.7808111653851908,0.21918883461480917
111,0,9.0,2,2,34.375,2,2,0,0,0,-20.725357055664062,15.430115699768066,0.5480642872996815,0.4519357127003183
112,1,51.0,0,0,12.525,1,2,1,0,0,-8.58298110961914,-27.230182647705078,0.7803250675137662,0.2196749324862339
113,1,55.5,0,0,8.05,2,2,1,0,0,20.703475952148438,-19.66689109802246,0.8589404102193003,0.14105958978069963
114,1,40.5,0,2,14.5,2,2,0,0,0,0.3977475166320801,26.195518493652344,0.7390941478423332,0.2609058521576669
115,1,28.0,0,0,7.3125,2,2,1,0,0,26.454025268554688,-9.426867485046387,0.8836421075333852,0.1163578924666147
116,1,51.0,0,1,61.3792,0,0,0,0,0,-3.7846827507019043,13.71763801574707,0.568326150590702,0.43167384940929787
117,0,16.0,0,0,7.7333,2,1,1,1,1,3.250340461730957,-7.39624547958374,0.41952353222723965,0.5804764677727604
118,1,28.0,0,0,8.6625,2,2,1,0,0,29.40509796142578,-11.359479904174805,0.8618124566114628,0.13818754338853734
119,1,28.0,8,2,69.55,2,2,0,0,0,4.3997483253479,22.707439422607422,0.9072053749351998,0.09279462506480016
120,1,44.0,0,1,16.1,2,2,0,0,0,0.5196779370307922,26.12544822692871,0.7325716780697217,0.26742832193027843
121,1,26.0,0,0,7.775,2,2,1,0,0,29.669086456298828,-5.407901763916016,0.8612468084653199,0.13875319153468005
122,1,17.0,0,0,8.6625,2,2,1,0,0,33.10746383666992,2.9182801246643066,0.8563513360375242,0.14364866396247591
123,1,1.0,4,1,39.6875,2,2,0,0,0,4.0349812507629395,21.10713005065918,0.8113162470895834,0.1886837529104166
124,0,28.0,0,1,55.0,0,2,0,1,1,-13.98011302947998,14.043821334838867,0.20415086978032396,0.7958491302196761
125,1,28.0,0,0,56.4958,2,2,1,0,0,23.064374923706055,-11.654375076293945,0.6961070457572964,0.3038929542427036
126,1,4.0,4,1,29.125,2,1,0,0,0,4.58174991607666,18.86597442626953,0.8767577459007312,0.12324225409926873
127,1,18.0,1,1,7.8542,2,2,0,0,0,2.2765302658081055,21.771255493164062,0.7796927662220707,0.22030723377792932
128,1,28.0,3,1,25.4667,2,2,0,0,0,3.4464271068573,21.430103302001953,0.8779791214977611,0.12202087850223899
129,0,50.0,0,0,28.7125,0,0,1,1,0,-4.914802551269531,-12.013381004333496,0.23485899975768706,0.765141000242313
130,1,30.0,0,0,13.0,1,2,1,0,0,-5.483436584472656,-27.491689682006836,0.7657723681688018,0.23422763183119819
131,1,36.0,0,0,0.0,2,2,1,0,0,23.295251846313477,-17.24750328063965,0.8954168765940524,0.1045831234059475
132,0,28.0,8,2,69.55,2,2,0,0,0,-20.597461700439453,15.372716903686523,0.7905144838036311,0.20948551619636874
133,1,28.0,0,0,15.05,1,0,1,0,0,-10.552858352661133,-15.41860580444336,0.7245001454529075,0.2754998545470926
134,1,9.0,4,2,31.3875,2,2,0,0,0,4.730225563049316,22.026988983154297,0.8751163029941429,0.1248836970058571
135,0,4.0,0,2,22.025,2,2,0,1,1,-18.08470916748047,16.895671844482422,0.36309268473997447,0.6369073152600256
136,0,28.0,1,0,15.5,2,1,0,1,1,-18.06202507019043,20.53773307800293,0.3900919334086833,0.6099080665913167
137,1,45.0,0,0,26.55,0,2,1,0,1,-19.96714210510254,-12.368939399719238,0.6065833353115854,0.3934166646884146
138,1,36.0,0,0,7.8958,2,2,1,0,0,23.4913272857666,-17.04854965209961,0.8829959734856268,0.11700402651437339
139,0,32.0,0,0,13.0,1,2,1,1,1,1.4161919355392456,-16.82552719116211,0.2875418019166155,0.7124581980833846
140,0,19.0,1,0,7.8542,2,2,0,1,1,-14.817300796508789,20.61698341369629,0.48851933486145444,0.5114806651385455
141,1,3.0,1,1,26.0,1,2,0,1,1,-0.4054833650588989,18.218639373779297,0.464926046575492,0.535073953424508
142,0,44.0,0,0,27.7208,0,0,1,1,1,-4.765588283538818,-12.076926231384277,0.2155213410395936,0.7844786589604066
143,0,58.0,0,0,146.5208,0,0,1,1,1,-5.267484664916992,-11.610893249511719,0.10680294139513395,0.893197058604866
144,1,28.0,0,0,7.75,2,1,1,0,0,11.782295227050781,3.3230836391448975,0.8500764428096048,0.14992355719039518
145,0,28.0,0,0,7.75,2,1,1,1,1,3.6521332263946533,-7.636877536773682,0.4449925928995909,0.5550074071004092
146,0,24.0,0,0,13.0,1,2,1,1,0,1.6262691020965576,-16.273193359375,0.29475610756250736,0.7052438924374929
147,1,28.0,0,0,9.5,2,2,1,0,0,29.29901695251465,-12.07101821899414,0.840112696503279,0.15988730349672103
148,1,28.0,8,2,69.55,2,2,0,0,0,4.399167060852051,22.70716667175293,0.9072053749351998,0.09279462506480016
149,1,34.0,0,0,6.4958,2,2,1,0,0,24.092021942138672,-16.417232513427734,0.8962981309985626,0.10370186900143728
150,0,2.0,0,1,10.4625,2,2,0,1,0,-18.193307876586914,16.445636749267578,0.44661321311281255,0.5533867868871875
151,1,32.0,1,0,15.85,2,2,0,0,0,-2.5564355850219727,26.158397674560547,0.7753520810524945,0.22464791894750527
152,1,26.0,0,0,18.7875,2,0,1,0,1,9.355511665344238,1.5658626556396484,0.7298014330806508,0.27019856691934924
153,0,16.0,0,0,7.75,2,1,1,1,1,3.2521185874938965,-7.3948259353637695,0.4208164461457243,0.5791835538542758
154,1,40.0,0,0,31.0,0,0,1,0,1,-10.672534942626953,-12.786408424377441,0.6195737363921483,0.3804262636078514
155,0,35.0,0,0,21.0,1,2,1,1,1,1.1673020124435425,-16.841615676879883,0.2787767142226548,0.7212232857773454
156,1,22.0,0,0,7.25,2,2,1,0,0,31.531234741210938,-1.2056344747543335,0.8792196393348438,0.12078036066515634
157,1,28.0,1,0,7.75,2,1,0,0,0,-0.907214879989624,23.968948364257812,0.7990704370338249,0.2009295629661751
158,0,31.0,1,0,113.275,0,0,0,1,1,-8.58885383605957,12.153528213500977,0.09937815606201689,0.9006218439379827
159,0,27.0,0,0,7.925,2,2,1,1,1,6.345573902130127,-12.249044418334961,0.4970067007426829,0.5029932992573172
160,1,42.0,1,0,27.0,1,2,0,0,0,-4.9139180183410645,22.773746490478516,0.7077338804374241,0.2922661195625757
161,1,30.0,0,0,10.5,1,2,1,0,0,-5.582128524780273,-27.62021827697754,0.8014245467941601,0.19857545320583994
162,1,16.0,0,0,8.05,2,2,1,0,1,33.14314651489258,3.385439872741699,0.8493405724575922,0.15065942754240785
163,1,51.0,0,0,8.05,2,2,1,0,0,21.028152465820312,-19.402687072753906,0.8589404102193003,0.14105958978069963
164,1,22.0,0,0,9.35,2,2,1,0,0,31.114362716674805,-1.2201766967773438,0.8505904612626531,0.1494095387373471
165,1,19.0,0,0,10.5,1,2,1,0,1,-4.846329689025879,-29.83257293701172,0.7957092772347246,0.20429072276527535
166,1,20.5,0,0,7.25,2,2,1,0,0,31.979305267333984,0.30371540784835815,0.8808052155943331,0.11919478440566703
167,1,18.0,0,0,13.0,1,2,1,0,0,-4.9579572677612305,-30.00465965270996,0.7679582854210751,0.23204171457892478
168,0,28.0,3,1,25.4667,2,2,0,0,0,-19.799911499023438,14.853325843811035,0.7024630663503002,0.2975369336496995
169,0,35.0,1,0,83.475,0,2,0,1,1,-11.275120735168457,16.58696746826172,0.16111967385046505,0.8388803261495349
170,1,29.0,0,0,7.775,2,2,1,0,0,26.61168670654297,-12.884389877319336,0.866516602531896,0.13348339746810392
171,1,59.0,0,0,13.5,1,2,1,0,0,-8.89225959777832,-27.57219886779785,0.7788733830179253,0.22112661698207475
172,0,28.0,0,0,7.55,2,2,1,0,0,6.2261152267456055,-12.458041191101074,0.508971202799349,0.49102879720065107
173,1,44.0,1,0,26.0,1,2,0,0,0,-4.915349960327148,22.75798797607422,0.7194164766682114,0.28058352333178854
174,1,19.0,0,0,10.5,1,2,1,0,0,-4.846401691436768,-29.83214569091797,0.7957092772347246,0.20429072276527535
175,1,33.0,0,0,12.275,1,2,1,0,0,-6.148792266845703,-27.184078216552734,0.7779579864039953,0.2220420135960049
176,0,28.0,1,0,14.4542,2,0,0,1,0,-17.955322265625,21.09378433227539,0.3604753066528356,0.6395246933471643
177,0,28.0,1,0,15.5,2,1,0,1,1,-18.060277938842773,20.54201889038086,0.3900919334086833,0.6099080665913167
178,1,22.0,0,0,7.125,2,2,1,0,0,31.121219635009766,-1.0232092142105103,0.8855735787721164,0.11442642122788356
179,1,30.0,0,0,7.225,2,0,1,0,0,9.142423629760742,1.6987111568450928,0.8327658163859343,0.167234183614066
180,1,44.0,2,0,90.0,0,1,0,0,0,-4.525720119476318,14.995879173278809,0.5791640996905106,0.4208359003094893
181,0,24.0,0,2,14.5,1,2,0,1,1,-15.571977615356445,15.168336868286133,0.2516266878675608,0.7483733121324393
182,1,28.0,0,0,7.25,2,2,1,0,0,26.482431411743164,-9.20467758178711,0.8836421075333852,0.1163578924666147
183,0,29.0,1,1,10.4625,2,2,0,1,0,-19.778520584106445,13.812948226928711,0.49366900116222134,0.5063309988377787
184,1,30.0,1,0,16.1,2,2,0,0,0,-2.558807849884033,26.190473556518555,0.767640663729195,0.23235933627080485
185,0,41.0,0,2,20.2125,2,2,0,1,0,-17.890138626098633,16.95951271057129,0.46322994743701984,0.5367700525629802
186,0,28.0,0,0,79.2,0,0,1,1,1,-4.550047397613525,-11.975144386291504,0.10247636157122546,0.8975236384287745
187,0,35.0,0,0,512.3292,0,0,1,1,1,-5.680298328399658,-11.32846450805664,0.09309521487093851,0.9069047851290616
188,0,50.0,0,1,26.0,1,2,0,1,1,-15.548429489135742,14.429369926452637,0.24230919739969312,0.7576908026003067
189,1,28.0,0,0,7.75,2,1,1,0,0,11.786888122558594,3.7347984313964844,0.8500764428096048,0.14992355719039518
190,1,3.0,4,2,31.3875,2,2,0,0,1,4.887248516082764,21.92410659790039,0.8054311285192548,0.194568871480745
191,1,40.0,0,0,0.0,0,2,1,0,0,-20.449750900268555,-12.409016609191895,0.8246511793166955,0.17534882068330443
192,0,28.0,0,0,7.75,2,1,1,1,0,3.4236292839050293,-7.948758125305176,0.4449925928995909,0.5550074071004092
193,1,36.0,0,0,10.5,1,2,1,0,0,-6.823833465576172,-27.13483238220215,0.8083260475932574,0.19167395240674245
194,1,16.0,4,1,39.6875,2,2,0,0,0,3.736013412475586,21.289194107055664,0.9000045979924759,0.09999540200752417
195,1,25.0,1,0,7.775,2,2,0,0,1,-2.368678569793701,26.591978073120117,0.782385632480143,0.217614367519857
196,0,58.0,0,1,153.4625,0,2,0,1,1,-13.707189559936523,13.693238258361816,0.18883229255529002,0.8111677074447098
197,0,35.0,0,0,135.6333,0,2,1,1,1,-1.4546022415161133,-15.278573036193848,0.14411664958327955,0.8558833504167207
198,1,28.0,0,0,31.0,0,2,1,0,0,-21.274755477905273,-11.309682846069336,0.6040751057512801,0.39592489424872
199,1,25.0,0,0,0.0,2,2,1,0,1,30.234668731689453,-3.9534997940063477,0.8724594612820572,0.1275405387179427
200,0,41.0,0,1,19.5,1,2,0,1,1,-15.566834449768066,14.486739158630371,0.2586180765709946,0.7413819234290053
201,1,37.0,0,1,29.7,0,0,0,0,0,-3.864689588546753,13.750703811645508,0.5912576428635298,0.40874235713646984
202,0,28.0,0,0,7.75,2,1,1,1,1,3.4350948333740234,-7.9487786293029785,0.4449925928995909,0.5550074071004092
203,0,63.0,1,0,77.9583,0,2,0,1,1,-11.176916122436523,16.159339904785156,0.1892544312129072,0.8107455687870929
204,0,45.0,0,0,7.75,2,2,1,0,0,5.364396095275879,-12.235828399658203,0.5808387014976946,0.4191612985023056
205,1,28.0,0,0,0.0,1,2,1,0,0,-5.633563041687012,-28.320804595947266,0.8692889848252733,0.13071101517472686
206,1,7.0,4,1,29.125,2,1,0,0,0,4.575234889984131,18.871673583984375,0.891127244510251,0.108872755489749
207,0,35.0,1,1,20.25,2,2,0,1,1,-19.783550262451172,13.790984153747559,0.4316301811866141,0.5683698188133859
208,1,28.0,0,0,7.8542,2,2,1,0,0,27.670150756835938,-9.806173324584961,0.8744754812621981,0.12552451873780188
209,1,16.0,0,0,9.5,2,2,1,0,0,32.83806228637695,3.4576051235198975,0.8278786029563675,0.17212139704363266
210,1,28.0,0,0,26.0,0,2,1,0,0,-21.61701011657715,-11.90732479095459,0.66243203177512,0.33756796822488
211,0,26.0,0,0,78.85,0,2,1,1,1,-1.2834281921386719,-15.365310668945312,0.1616848221065008,0.8383151778934992
212,1,36.0,0,0,12.875,1,0,1,0,0,-10.5524263381958,-15.411521911621094,0.7480706694632333,0.2519293305367668
213,1,24.0,0,0,7.8958,2,2,1,0,0,30.44753646850586,-3.4597580432891846,0.873393320807168,0.126606679192832
214,1,28.0,0,0,30.5,0,2,1,0,1,-21.314292907714844,-11.326584815979004,0.5851130247988645,0.41488697520113554
215,0,50.0,0,1,247.5208,0,0,0,1,1,-10.447278022766113,10.96784496307373,0.1299187731330567,0.8700812268669431
216,0,28.0,0,0,7.75,2,1,1,1,1,3.6444780826568604,-7.631002902984619,0.4449925928995909,0.5550074071004092
217,1,19.0,0,0,0.0,2,2,1,0,0,33.091766357421875,2.2409567832946777,0.8782292433142262,0.12177075668577361
218,0,28.0,0,0,12.35,1,1,1,1,1,-2.2766947746276855,-11.533143043518066,0.2985484828431111,0.7014515171568888
219,1,28.0,0,0,8.05,2,2,1,0,0,28.707706451416016,-10.300644874572754,0.8615746660045037,0.13842533399549628
220,0,28.0,0,0,110.8833,0,0,1,1,1,-4.616011619567871,-11.673511505126953,0.09858937062099922,0.9014106293790007
221,0,17.0,1,0,108.9,0,0,0,1,1,-8.82103157043457,12.07715129852295,0.09776149273527648,0.9022385072647232
222,1,30.0,1,0,24.0,1,0,0,0,0,-5.249439239501953,16.995529174804688,0.6816966491287242,0.31830335087127554
223,0,30.0,0,0,56.9292,0,0,1,1,1,-4.509311199188232,-12.024778366088867,0.12656739177812626,0.8734326082218737
224,0,24.0,0,0,83.1583,0,0,1,1,1,-4.50855827331543,-11.724747657775879,0.100656792028008,0.899343207971992
225,0,18.0,2,2,262.375,0,0,0,1,1,-10.746132850646973,9.383103370666504,0.1602342497161611,0.8397657502838386
226,0,26.0,1,1,26.0,1,2,0,1,0,-16.036928176879883,10.467367172241211,0.24605314410911341,0.7539468558908868
227,1,28.0,0,0,7.8958,2,2,1,0,0,28.18054962158203,-9.751314163208008,0.8766561437728937,0.12334385622710636
228,1,43.0,1,1,26.25,1,2,0,0,0,-0.4610310196876526,18.205692291259766,0.6785555828350985,0.3214444171649014
229,0,24.0,1,0,26.0,1,2,0,1,1,-12.932097434997559,17.751989364624023,0.26476773002504334,0.7352322699749568
230,0,31.0,0,2,164.8667,0,2,0,1,1,-13.72182846069336,14.32391357421875,0.20311206521094569,0.7968879347890543
231,0,40.0,1,1,134.5,0,0,0,1,1,-10.186912536621094,9.941064834594727,0.11427190400487973,0.8857280959951198
232,1,22.0,0,0,7.25,2,2,1,0,0,31.531108856201172,-1.2055950164794922,0.8792196393348438,0.12078036066515634
233,1,27.0,0,0,7.8958,2,2,1,0,0,28.95433235168457,-7.1760735511779785,0.8642148853759046,0.13578511462409548
234,0,22.0,1,1,29.0,1,2,0,1,1,-16.054014205932617,10.435224533081055,0.23954755103182543,0.7604524489681748
235,1,28.0,8,2,69.55,2,2,0,0,0,4.399162769317627,22.70717430114746,0.9072053749351998,0.09279462506480016
236,0,36.0,0,0,135.6333,0,0,1,1,1,-4.904182434082031,-11.797632217407227,0.09107067060786216,0.9089293293921379
237,1,61.0,0,0,6.2375,2,2,1,0,0,20.48252296447754,-19.842350006103516,0.8747050728376381,0.12529492716236174
238,0,31.0,1,1,20.525,2,2,0,1,1,-19.7783203125,13.798074722290039,0.4282645349281106,0.5717354650718893
239,0,28.0,2,0,23.25,2,1,0,1,1,-18.55891227722168,20.16477394104004,0.4319243816108234,0.5680756183891766
240,1,38.0,0,1,153.4625,0,2,0,0,0,-3.4122297763824463,20.01104164123535,0.5436931559050029,0.45630684409499694
241,0,28.0,1,0,133.65,0,2,0,1,1,-11.277674674987793,16.532896041870117,0.15955032489840715,0.8404496751015926
242,1,28.0,0,0,7.8958,2,2,1,0,0,28.07754898071289,-9.768770217895508,0.8766561437728937,0.12334385622710636
243,1,29.0,1,0,66.6,0,2,0,0,0,-5.983405113220215,21.284238815307617,0.5675036836007515,0.4324963163992484
244,1,45.0,0,0,8.05,2,2,1,0,1,21.690216064453125,-18.839370727539062,0.8624588249232201,0.13754117507677996
245,1,45.0,0,0,35.5,0,2,1,0,0,-19.796436309814453,-11.886045455932617,0.631068331644461,0.368931668355539
246,1,28.0,0,0,13.0,1,2,1,0,0,-5.062487602233887,-27.833919525146484,0.7646083370146833,0.2353916629853167
247,1,25.0,0,0,13.0,1,2,1,0,0,-4.8290205001831055,-28.576557159423828,0.7663097581751253,0.23369024182487472
248,1,36.0,0,0,13.0,1,2,1,0,0,-6.819836139678955,-27.09524154663086,0.7752317283498966,0.2247682716501034
249,0,24.0,0,0,13.0,1,2,1,1,1,1.6262685060501099,-16.273193359375,0.29475610756250736,0.7052438924374929
250,0,40.0,0,0,13.0,1,2,1,1,1,0.9488867521286011,-16.41390609741211,0.32180999602994126,0.6781900039700589
251,0,28.0,1,0,16.1,2,2,0,1,1,-14.772317886352539,20.631179809570312,0.4212392855226498,0.5787607144773502
252,1,15.0,1,1,7.2292,2,0,0,0,0,2.957777261734009,18.064727783203125,0.757386737325505,0.24261326267449518
253,1,25.0,1,0,17.8,2,2,0,0,0,-2.4341115951538086,26.585294723510742,0.7697976703098413,0.23020232969015864
254,1,28.0,0,0,7.225,2,0,1,0,0,9.732572555541992,2.030730724334717,0.8204635718504611,0.17953642814953902
255,1,28.0,0,0,9.5,2,2,1,0,0,29.299013137817383,-12.071022987365723,0.840112696503279,0.15988730349672103
256,0,22.0,0,1,55.0,0,2,0,1,1,-13.992425918579102,14.03154182434082,0.20240938806134853,0.7975906119386516
257,0,38.0,0,0,13.0,1,2,1,1,0,1.0532593727111816,-16.810375213623047,0.3194362348218242,0.680563765178176
258,0,28.0,0,0,7.8792,2,1,1,1,1,3.3329179286956787,-7.519426345825195,0.4448042122112102,0.5551957877887899
259,0,28.0,0,0,7.8792,2,1,1,1,1,3.640324354171753,-7.620486259460449,0.4448042122112102,0.5551957877887899
260,1,40.0,1,4,27.9,2,2,0,0,0,2.4643592834472656,22.470304489135742,0.7942547699723412,0.20574523002765857
261,1,29.0,1,0,27.7208,1,0,0,0,0,-5.249266147613525,16.992673873901367,0.6749249599100186,0.32507504008998134
262,0,45.0,0,1,14.4542,2,0,0,1,0,-20.18903160095215,18.824705123901367,0.42786014315455234,0.5721398568454475
263,1,35.0,0,0,7.05,2,2,1,0,0,23.764307022094727,-16.755083084106445,0.8962981309985626,0.10370186900143728
264,1,28.0,1,0,15.5,2,1,0,0,0,-0.9071201682090759,23.961103439331055,0.7605366455523469,0.23946335444765288
265,0,60.0,1,0,75.25,0,0,0,1,1,-8.658906936645508,11.65953254699707,0.11277982670453046,0.8872201732954692
266,0,28.0,0,0,7.2292,2,0,1,1,1,2.24747371673584,-7.919273376464844,0.3940071612399904,0.6059928387600096
267,0,28.0,0,0,7.75,2,1,1,1,1,3.424301862716675,-7.945645332336426,0.4449925928995909,0.5550074071004092
268,0,24.0,0,0,69.3,0,0,1,1,1,-4.459259510040283,-11.802328109741211,0.1264520290450205,0.8735479709549794
269,1,18.0,1,0,6.4958,2,2,0,0,0,-2.242262840270996,26.16901397705078,0.8247046681805685,0.1752953318194313
270,1,19.0,0,0,8.05,2,2,1,0,0,32.56739807128906,1.633899211883545,0.8640095988601939,0.13599040113980612
271,0,28.0,1,0,82.1708,0,0,0,1,1,-8.588558197021484,12.268494606018066,0.11219432313408889,0.8878056768659107
272,1,27.0,0,2,211.5,0,0,0,0,0,-3.898665428161621,13.618134498596191,0.5224922544019256,0.4775077455980743
273,1,19.0,0,0,7.775,2,2,1,0,0,32.61406326293945,1.6318355798721313,0.8666040617080125,0.13339593829198734
274,0,42.0,0,0,227.525,0,0,1,1,1,-5.211006164550781,-11.59809684753418,0.09938555433774686,0.900614445662253
275,1,32.0,0,0,7.925,2,2,1,0,0,24.852012634277344,-15.50070858001709,0.8554971282012729,0.14450287179872723
276,1,28.0,0,0,7.8958,2,2,1,0,0,27.475404739379883,-10.685860633850098,0.8766561437728937,0.12334385622710636
277,1,18.0,0,0,73.5,1,2,1,0,0,-5.696535110473633,-30.47690773010254,0.6808552067027701,0.31914479329723
278,1,1.0,5,2,46.9,2,2,0,0,0,5.014532089233398,22.17343521118164,0.808615299064973,0.19138470093502685
279,1,28.0,0,0,7.7292,2,1,1,0,0,12.24660873413086,3.896829128265381,0.860133737772217,0.139866262227783
280,0,17.0,0,0,12.0,1,0,1,1,1,-2.7201285362243652,-11.566058158874512,0.21851437875762653,0.7814856212423735
281,1,36.0,1,2,120.0,0,2,0,0,1,-1.503251314163208,16.751476287841797,0.5144346270093274,0.48556537299067254
282,1,21.0,0,0,7.7958,2,2,1,0,1,31.85568618774414,-0.2617191672325134,0.8712126582964724,0.1287873417035275
283,0,23.0,1,0,113.275,0,0,0,1,1,-8.72016716003418,12.164036750793457,0.09864205953689589,0.9013579404631038
284,0,24.0,0,2,16.7,2,2,0,1,1,-17.907787322998047,16.96841812133789,0.4287626361778637,0.5712373638221364
285,1,22.0,0,0,7.7958,2,2,1,0,0,31.5137996673584,-1.2672441005706787,0.8712126582964724,0.1287873417035275
286,0,31.0,0,0,7.8542,2,2,1,0,0,5.746035575866699,-12.461609840393066,0.541401729416442,0.45859827058355795
287,1,46.0,0,0,26.0,1,2,1,0,0,-8.244610786437988,-27.040969848632812,0.7634390464235485,0.2365609535764513
288,1,23.0,0,0,10.5,1,2,1,0,0,-4.988639831542969,-29.123950958251953,0.8006368134666088,0.19936318653339127
289,1,39.0,0,0,7.925,2,2,1,0,1,22.747228622436523,-17.818706512451172,0.8586022728523823,0.14139772714761775
290,1,26.0,0,0,8.05,2,2,1,0,0,29.667749404907227,-5.422056674957275,0.8573687017251618,0.14263129827483836
291,1,28.0,1,0,15.85,2,2,0,0,0,-2.603301763534546,26.51612663269043,0.7668416400425678,0.23315835995743214
292,1,34.0,1,0,21.0,1,2,0,0,0,-4.888933181762695,22.853792190551758,0.7141585714390929,0.28584142856090694
293,1,3.0,1,1,18.75,1,2,0,1,1,-0.40178191661834717,18.221586227416992,0.448910740453043,0.551089259546957
294,1,21.0,0,0,7.775,2,2,1,0,0,31.856693267822266,-0.260372132062912,0.8621899497789363,0.13781005022106363
295,0,28.0,3,1,25.4667,2,2,0,0,0,-19.799406051635742,14.850590705871582,0.7024630663503002,0.2975369336496995
296,1,28.0,0,0,7.8958,2,2,1,0,0,28.008459091186523,-9.836673736572266,0.8766561437728937,0.12334385622710636
297,1,28.0,0,0,6.8583,2,1,1,0,0,12.517230987548828,3.431701421737671,0.8725949302959094,0.12740506970409046
298,1,28.0,0,0,0.0,1,2,1,0,0,-5.637907028198242,-28.323999404907227,0.8692889848252733,0.13071101517472686
299,1,44.0,0,0,7.925,2,2,1,0,1,21.83346939086914,-18.705535888671875,0.8546458046101998,0.14535419538980027
300,0,28.0,0,0,8.05,2,2,1,0,0,6.227240562438965,-12.456350326538086,0.5157057553974684,0.4842942446025317
301,0,34.0,1,1,32.5,1,2,0,1,1,-15.94847297668457,10.458477973937988,0.24007975161289793,0.759920248387102
302,0,18.0,0,2,13.0,1,2,0,1,1,-15.588610649108887,15.158440589904785,0.24435329986619114,0.7556467001338087
303,1,30.0,0,0,13.0,1,2,1,0,0,-5.483495712280273,-27.49176788330078,0.7657723681688018,0.23422763183119819
304,1,28.0,0,0,7.8958,2,0,1,0,0,9.274335861206055,1.622979760169983,0.7975042376122764,0.20249576238772385
305,1,21.0,0,0,7.7333,2,1,1,0,0,12.633678436279297,3.059433937072754,0.8523598605032994,0.14764013949670052
306,1,18.0,1,1,20.2125,2,2,0,0,0,2.2674052715301514,21.767335891723633,0.7277123713872872,0.27228762861271283
307,0,19.0,0,0,26.0,1,2,1,1,1,1.370561957359314,-16.0965633392334,0.2667215548450558,0.7332784451549444
308,1,28.0,0,0,7.75,2,1,1,0,0,12.186657905578613,3.906627893447876,0.8500764428096048,0.14992355719039518
309,1,32.0,0,0,8.05,2,2,1,0,1,24.85251235961914,-15.500563621520996,0.8627040879082325,0.13729591209176753
310,1,28.0,0,0,26.55,0,2,1,0,1,-21.633323669433594,-11.641448020935059,0.5805817747988645,0.41941822520113553
311,0,28.0,1,0,16.1,2,2,0,1,1,-14.772732734680176,20.63182830810547,0.4212392855226498,0.5787607144773502
312,0,42.0,1,0,26.0,1,2,0,1,1,-12.878087043762207,17.6965274810791,0.2686928809679561,0.7313071190320442
313,1,17.0,0,0,7.125,2,2,1,0,0,33.162235260009766,2.938415050506592,0.8859863741136692,0.11401362588633077
314,1,50.0,1,0,55.9,0,2,0,0,0,-5.8761491775512695,20.872970581054688,0.5834517470416122,0.4165482529583877
315,0,14.0,1,2,120.0,0,2,0,1,1,-13.653484344482422,9.751504898071289,0.1995957547090984,0.8004042452909016
316,0,24.0,2,3,18.75,1,2,0,1,1,-16.227806091308594,9.453018188476562,0.320307990546997,0.6796920094530036
317,1,64.0,1,4,263.0,0,2,0,0,0,-1.5813626050949097,16.345705032348633,0.6533158956483205,0.3466841043516796
318,1,31.0,0,0,10.5,1,2,1,0,0,-6.041656494140625,-27.77788734436035,0.8014245467941601,0.19857545320583994
319,0,45.0,1,1,26.25,1,2,0,1,1,-15.853891372680664,10.408895492553711,0.2500662071399382,0.749933792860062
320,1,20.0,0,0,9.5,2,2,1,0,0,31.81220817565918,0.8649294972419739,0.8397190936893822,0.16028090631061784
321,0,28.0,0,0,13.0,1,2,1,1,1,1.6556214094161987,-16.6351318359375,0.2919559139480186,0.7080440860519817
322,1,28.0,0,0,8.1125,2,2,1,0,1,28.739425659179688,-10.795166969299316,0.8615746660045037,0.13842533399549628
323,1,34.0,0,0,26.55,0,2,1,0,1,-20.860477447509766,-11.973097801208496,0.5805817747988645,0.41941822520113553
324,0,5.0,2,1,19.2583,2,0,0,1,1,-22.19981575012207,17.559062957763672,0.26211706416599506,0.737882935834005
325,1,52.0,0,0,30.5,0,2,1,0,1,-19.194028854370117,-12.045499801635742,0.6075961706076657,0.3924038293923342
326,1,36.0,1,2,27.75,1,2,0,0,0,-0.5738548040390015,18.21198844909668,0.6741908971286666,0.3258091028713332
327,1,30.0,0,0,27.75,0,0,1,0,0,-10.779918670654297,-13.181563377380371,0.5958162250989102,0.4041837749010896
328,1,49.0,1,0,89.1042,0,0,0,1,1,-5.176353454589844,15.523106575012207,0.49653565982122605,0.503464340178774
329,1,29.0,0,0,7.8958,2,0,1,0,1,9.173040390014648,2.300539493560791,0.8046097340661771,0.19539026593382303
330,1,65.0,0,0,26.55,0,2,1,0,0,-18.45103645324707,-12.44994068145752,0.6108441121721164,0.38915588782788363
331,0,28.0,1,0,51.8625,0,2,0,1,1,-11.335493087768555,16.72381591796875,0.2045014731279708,0.7954985268720294
332,1,48.0,0,0,26.55,0,2,1,0,1,-19.691463470458984,-12.483787536621094,0.6030649206076657,0.3969350793923342
333,1,34.0,0,0,8.05,2,2,1,0,0,24.126995086669922,-16.37897300720215,0.865809232559342,0.13419076744065803
334,1,47.0,0,0,38.5,0,2,1,0,0,-19.674407958984375,-12.462849617004395,0.631068331644461,0.368931668355539
335,1,28.0,0,0,8.05,2,2,1,0,0,28.10606575012207,-11.063998222351074,0.8615746660045037,0.13842533399549628
336,1,38.0,0,0,7.05,2,2,1,0,0,22.96190071105957,-17.594762802124023,0.8962981309985626,0.10370186900143728
337,1,56.0,0,0,26.55,0,2,1,0,0,-18.988361358642578,-12.366209030151367,0.6062729625657076,0.39372703743429227
338,1,28.0,0,0,7.725,2,1,1,0,0,11.79526138305664,3.7501401901245117,0.860133737772217,0.139866262227783
339,0,0.75,2,1,19.2583,2,0,0,1,1,-22.212995529174805,17.564537048339844,0.2396852074972963,0.7603147925027038
340,1,28.0,0,0,7.25,2,2,1,0,0,26.352725982666016,-9.39098834991455,0.8836421075333852,0.1163578924666147
341,0,33.0,1,2,27.75,1,2,0,1,1,-15.720538139343262,9.747101783752441,0.27785008230913916,0.7221499176908608
342,0,23.0,0,0,13.7917,1,0,1,1,1,-2.7187376022338867,-11.571215629577637,0.23385970039505338,0.7661402996049468
343,1,28.0,0,0,52.0,0,2,1,0,0,-20.842153549194336,-11.1931791305542,0.598876515574549,0.40112348442545104
344,1,34.0,1,0,21.0,1,2,0,0,0,-4.888971328735352,22.855985641479492,0.7141585714390929,0.28584142856090694
345,1,29.0,1,0,7.0458,2,2,0,0,0,-2.4777462482452393,26.584606170654297,0.830730942999323,0.16926905700067663
346,0,2.0,0,1,12.2875,2,2,0,1,1,-18.192485809326172,16.446983337402344,0.3448660269105426,0.6551339730894574
347,1,9.0,5,2,46.9,2,2,0,0,0,4.806812763214111,22.330184936523438,0.8907663369936762,0.10923366300632374
348,1,28.0,0,0,0.0,1,2,1,0,0,-5.64367151260376,-28.327651977539062,0.8692889848252733,0.13071101517472686
349,0,63.0,0,0,9.5875,2,2,1,0,1,5.047353744506836,-12.014086723327637,0.5155639096900003,0.48443609030999973
350,1,25.0,1,0,91.0792,0,0,0,1,1,-5.222277641296387,15.650582313537598,0.4983969868827248,0.5016030131172753
351,0,28.0,3,1,25.4667,2,2,0,0,0,-19.800029754638672,14.853937149047852,0.7024630663503002,0.2975369336496995
352,0,35.0,1,0,90.0,0,2,0,1,1,-11.27209186553955,16.570451736450195,0.16111967385046505,0.8388803261495349
353,1,58.0,0,0,29.7,0,0,1,0,0,-10.195870399475098,-12.619462966918945,0.623066266559408,0.3769337334405916
354,1,9.0,1,1,15.9,2,2,0,0,1,2.430279493331909,21.66469383239746,0.6491485079962773,0.3508514920037226
355,1,28.0,1,0,19.9667,2,2,0,0,0,-2.607745885848999,26.275362014770508,0.768807258937961,0.23119274106203888
356,1,71.0,0,0,49.5042,0,0,1,0,0,-9.839171409606934,-12.507645606994629,0.6596979317773904,0.3403020682226095
357,1,21.0,0,0,8.05,2,2,1,0,0,31.48421287536621,-0.1368701010942459,0.8595954869311178,0.1404045130688824
358,0,25.0,1,2,151.55,0,2,0,1,0,-13.653182983398438,9.781978607177734,0.23244878681091094,0.767551213189089
359,1,17.0,0,0,8.6625,2,2,1,0,0,32.653045654296875,3.078460931777954,0.8563513360375242,0.14364866396247591
360,0,21.0,0,0,7.75,2,1,1,1,0,3.2675554752349854,-7.4608869552612305,0.4381059563513412,0.5618940436486589
361,0,37.0,0,0,9.5875,2,2,1,0,0,5.550643444061279,-12.382550239562988,0.5402203838898473,0.45977961611015256
362,1,18.0,1,0,108.9,0,0,0,0,0,-5.19097900390625,15.595698356628418,0.5025050765687457,0.49749492343125445
363,0,33.0,0,2,26.0,1,2,0,1,1,-15.52723217010498,15.14100456237793,0.24714932165614256,0.7528506783438573
364,1,28.0,0,0,26.55,0,2,1,0,1,-21.650373458862305,-11.620741844177246,0.5805817747988645,0.41941822520113553
365,1,26.0,0,0,56.4958,2,2,1,0,1,23.056140899658203,-11.557145118713379,0.6950051173826408,0.30499488261735924
366,0,54.0,1,0,59.4,0,0,0,1,1,-8.586872100830078,11.786575317382812,0.1318520950830563,0.8681479049169434
367,1,24.0,0,0,7.4958,2,2,1,0,0,30.45611572265625,-3.4323737621307373,0.8792196393348438,0.12078036066515634
368,1,47.0,0,0,34.0208,0,2,1,0,0,-19.601547241210938,-11.889389038085938,0.631068331644461,0.368931668355539
369,0,34.0,0,0,10.5,1,2,1,1,1,1.1404716968536377,-16.268674850463867,0.3463453891789295,0.6536546108210706
370,0,36.0,1,0,26.0,1,2,0,1,1,-12.892632484436035,17.727758407592773,0.2603766127849486,0.7396233872150516
371,1,32.0,0,0,7.8958,2,2,1,0,0,24.85172462463379,-15.502824783325195,0.8798908288345172,0.1201091711654829
372,0,30.0,0,0,93.5,0,2,1,1,1,-1.3379220962524414,-15.353283882141113,0.14768595651397265,0.8523140434860275
373,1,22.0,0,0,7.8958,2,2,1,0,0,31.110254287719727,-1.114585280418396,0.873393320807168,0.126606679192832
374,0,44.0,0,1,57.9792,0,0,0,1,1,-10.444153785705566,11.19282341003418,0.15289404311524202,0.8471059568847578
375,1,28.0,0,0,7.2292,2,0,1,0,0,9.433198928833008,2.3675284385681152,0.8199080162949056,0.18009198370509452
376,1,40.5,0,0,7.75,2,1,1,0,0,12.758398056030273,3.806732177734375,0.859659515765581,0.14034048423441894
377,0,50.0,0,0,10.5,1,2,1,1,1,0.7214226126670837,-16.633756637573242,0.3727154813941534,0.6272845186058467
378,1,28.0,0,0,221.7792,0,2,1,0,0,-18.73117446899414,-13.126522064208984,0.5494828294420352,0.45051717055796486
379,1,23.0,2,1,11.5,1,2,0,0,0,-0.3639715015888214,18.455801010131836,0.7227308330428294,0.27726916695717035
380,0,2.0,1,1,26.0,1,2,0,1,1,-16.14299774169922,10.253646850585938,0.19064393345629024,0.8093560665437102
381,1,17.0,1,1,7.2292,2,0,0,0,0,2.9515669345855713,18.064912796020508,0.7651645151032826,0.2348354848967174
382,0,28.0,0,2,22.3583,2,0,0,1,1,-19.95159912109375,18.802085876464844,0.36249300813529783,0.637506991864702
383,0,30.0,0,0,8.6625,2,2,1,0,0,5.858800888061523,-12.512704849243164,0.5331576214191317,0.4668423785808684
384,0,7.0,0,2,26.25,1,2,0,1,1,-15.603800773620605,15.130786895751953,0.21511989319062189,0.7848801068093781
385,1,45.0,0,0,26.55,0,2,1,0,0,-19.964908599853516,-12.377476692199707,0.6065833353115854,0.3934166646884146
386,0,30.0,0,0,106.425,0,0,1,1,1,-4.63320255279541,-11.693831443786621,0.09016880794453161,0.9098311920554685
387,0,22.0,0,2,49.5,0,0,0,1,1,-10.496947288513184,11.30691909790039,0.17282936901749707,0.8271706309825027
388,0,36.0,0,2,71.0,0,2,0,1,1,-13.770166397094727,14.387314796447754,0.22262282274614104,0.7773771772538589
389,0,9.0,4,2,31.275,2,2,0,0,0,-20.730751037597656,15.434486389160156,0.7570241965608243,0.2429758034391755
390,0,11.0,4,2,31.275,2,2,0,0,0,-20.71306037902832,15.429993629455566,0.7545241965608243,0.2454758034391755
391,1,50.0,1,0,106.425,0,0,0,0,0,-5.162588596343994,15.492478370666504,0.50800784439398,0.4919921556060201
392,0,19.0,1,0,26.0,1,2,0,1,1,-12.949763298034668,17.73929214477539,0.257573725253057,0.7424262747469433
393,1,28.0,0,0,13.8625,1,0,1,0,1,-10.552800178527832,-15.419661521911621,0.7245001454529075,0.2754998545470926
394,1,33.0,1,1,20.525,2,2,0,0,0,2.114889621734619,21.873123168945312,0.7369425969003675,0.26305740309963255
395,1,17.0,0,2,110.8833,0,0,0,1,1,-3.9425342082977295,13.639806747436523,0.470750843790016,0.529249156209984
396,1,27.0,0,0,26.0,1,2,1,0,0,-4.853013038635254,-27.963544845581055,0.7520781474158198,0.24792185258418015
397,1,28.0,0,0,7.8292,2,1,1,0,0,12.151511192321777,2.9795525074005127,0.8518593713006172,0.14814062869938283
398,0,22.0,0,0,7.775,2,2,1,1,1,5.999704360961914,-11.789894104003906,0.4896654563054096,0.5103345436945904
399,0,48.0,1,0,39.6,0,0,0,1,1,-8.4813232421875,12.018579483032227,0.17728253413171285,0.822717465868287
400,1,28.0,0,0,227.525,0,0,1,0,0,-9.96432876586914,-12.79375171661377,0.5303490570297895,0.46965094297021037
401,0,39.0,1,1,79.65,0,2,0,1,1,-13.88433837890625,10.266721725463867,0.18398128086281507,0.8160187191371848
402,0,36.0,1,0,17.4,2,2,0,1,1,-14.76379108428955,20.598291397094727,0.43308962023871184,0.5669103797612882
403,1,28.0,0,0,7.75,2,1,1,0,0,12.342641830444336,3.7855093479156494,0.8500764428096048,0.14992355719039518
404,1,40.0,0,0,7.8958,2,2,1,0,0,22.523113250732422,-18.042192459106445,0.8829959734856268,0.11700402651437339
405,1,28.0,0,0,8.05,2,2,1,0,0,28.127531051635742,-11.046651840209961,0.8615746660045037,0.13842533399549628
406,1,24.0,2,0,24.15,2,2,0,0,0,-1.2582451105117798,26.4271297454834,0.8072423802270845,0.19275761977291522
407,1,19.0,0,0,7.8958,2,2,1,0,0,32.17911911010742,1.8021132946014404,0.8778074327362444,0.12219256726375573
408,0,29.0,0,4,21.075,2,2,0,0,0,-17.90102195739746,16.90827751159668,0.5689552450714673,0.4310447549285326
409,1,32.0,0,0,7.8542,2,2,1,0,1,24.851642608642578,-15.501391410827637,0.8777101663238216,0.12228983367617842
410,1,62.0,0,0,10.5,1,2,1,0,1,-8.955598831176758,-27.662893295288086,0.7828192007586625,0.2171807992413374
411,0,53.0,2,0,51.4792,0,2,0,1,1,-11.572221755981445,15.71728229522705,0.21211032170404984,0.7878896782959504
412,1,36.0,0,0,26.3875,0,2,1,0,1,-20.629671096801758,-11.82056999206543,0.5935150811190482,0.40648491888095173
413,1,16.0,0,0,8.05,2,2,1,0,0,33.14326477050781,3.3859121799468994,0.8493405724575922,0.15065942754240785
414,0,34.0,0,0,13.0,1,2,1,1,1,1.269677758216858,-16.862550735473633,0.2875418019166155,0.7124581980833846
415,0,25.0,1,1,30.0,1,2,0,1,1,-16.034440994262695,10.456578254699707,0.24621279976159025,0.75378720023841
416,1,36.0,0,0,40.125,0,0,1,0,0,-10.730608940124512,-12.857322692871094,0.6138783391785001,0.38612166082149973
417,1,47.0,0,0,15.0,1,2,1,0,0,-8.303204536437988,-27.068927764892578,0.7759833470176196,0.22401665298238044
418,1,60.0,1,1,79.2,0,0,0,0,1,-2.1425983905792236,14.584306716918945,0.5095593130871301,0.49044068691287
419,1,28.0,0,0,8.05,2,2,1,0,0,28.233606338500977,-10.968076705932617,0.8615746660045037,0.13842533399549628
420,1,35.0,0,0,7.125,2,2,1,0,0,23.766460418701172,-16.753164291381836,0.8962981309985626,0.10370186900143728
421,0,52.0,1,0,78.2667,0,0,0,1,1,-8.597725868225098,11.784332275390625,0.11169287018279134,0.8883071298172083
422,1,47.0,0,0,7.25,2,2,1,0,0,21.42152214050293,-19.05743980407715,0.886593783925168,0.11340621607483198
423,0,28.0,0,2,7.75,2,1,0,1,0,-19.68174171447754,18.639646530151367,0.4825334334050347,0.5174665665949653
424,1,37.0,1,0,26.0,1,2,0,0,0,-4.903991222381592,22.818361282348633,0.7194164766682114,0.28058352333178854
425,1,36.0,1,1,24.15,2,2,0,0,0,2.1200597286224365,21.86927604675293,0.7509735533652863,0.24902644663471377
426,0,28.0,0,0,33.0,1,2,1,1,1,1.2838815450668335,-16.167526245117188,0.25450718838244063,0.7454928116175593
427,1,49.0,0,0,0.0,2,2,1,0,0,21.119892120361328,-19.331233978271484,0.8900401808401597,0.1099598191598402
428,1,28.0,0,0,7.225,2,0,1,0,0,9.73377799987793,2.021657943725586,0.8204635718504611,0.17953642814953902
429,1,49.0,1,0,56.9292,0,0,0,0,1,-5.186617851257324,15.565949440002441,0.5208884255661625,0.4791115744338375
430,1,35.0,0,0,26.55,0,0,1,0,1,-10.800713539123535,-12.952038764953613,0.5934629115660237,0.40653708843397607
431,1,36.0,1,0,15.55,2,2,0,0,0,-2.5198776721954346,26.090412139892578,0.7774953048354841,0.22250469516451574
432,1,30.0,0,0,7.8958,2,2,1,0,0,25.822763442993164,-14.132572174072266,0.8788840047142463,0.12111599528575384
433,1,27.0,0,0,30.5,0,2,1,0,1,-21.534706115722656,-11.32504653930664,0.5851130247988645,0.41488697520113554
434,0,22.0,1,2,41.5792,1,0,0,1,1,-11.65052318572998,9.134815216064453,0.17937156156265793,0.8206284384373417
435,0,40.0,0,0,153.4625,0,2,1,1,1,-1.54385507106781,-15.218890190124512,0.154848485115736,0.8451515148842641
436,0,39.0,1,5,31.275,2,2,0,0,0,-20.168115615844727,13.995512008666992,0.6240433313753545,0.3759566686246455
437,1,28.0,0,0,7.05,2,2,1,0,0,26.26931381225586,-9.171340942382812,0.889996046970658,0.11000395302934192
438,0,28.0,1,0,15.5,2,1,0,1,1,-18.062877655029297,20.540287017822266,0.3900919334086833,0.6099080665913167
439,1,35.0,0,0,8.05,2,2,1,0,0,23.773944854736328,-16.72572135925293,0.865809232559342,0.13419076744065803
440,0,24.0,1,2,65.0,1,2,0,1,1,-15.704456329345703,9.720050811767578,0.24861430202300003,0.7513856979769998
441,1,34.0,1,1,14.4,2,2,0,0,0,2.114698886871338,21.877113342285156,0.7398548956655148,0.26014510433448523
442,1,26.0,0,0,10.5,1,2,1,0,0,-4.898886680603027,-28.365217208862305,0.7984100282606528,0.20158997173934728
443,1,20.0,1,1,15.7417,2,0,0,0,1,2.9397337436676025,18.06374740600586,0.6639288659135576,0.3360711340864424
444,1,61.0,0,0,32.3208,0,2,1,0,0,-18.640243530273438,-12.440488815307617,0.6351664096028087,0.36483359039719127
445,1,57.0,0,0,12.35,1,1,1,0,0,-10.534550666809082,-15.838141441345215,0.780317483417879,0.21968251658212112
446,0,21.0,0,0,77.9583,0,2,1,1,1,-1.2763155698776245,-15.35183334350586,0.16181554106074925,0.8381844589392509
447,1,26.0,0,0,7.8958,2,2,1,0,0,29.66966438293457,-5.417011260986328,0.8724501794935517,0.12754982050644845
448,1,28.0,0,0,7.7333,2,1,1,0,0,11.761271476745605,3.399829864501953,0.8541037268263083,0.14589627317369172
449,1,80.0,0,0,30.0,0,2,1,0,1,-18.026893615722656,-12.475071907043457,0.6047133903411305,0.3952866096588696
450,1,51.0,0,0,7.0542,2,2,1,0,0,21.01905059814453,-19.41006088256836,0.8909214352446699,0.10907856475532998
451,1,32.0,0,0,30.5,0,0,1,0,1,-10.805445671081543,-13.06828498840332,0.5919017514146997,0.40809824858530014
452,0,9.0,3,2,27.9,2,2,0,0,0,-20.688600540161133,15.410005569458008,0.713359059418034,0.28664094058196576
453,0,28.0,0,0,13.0,1,2,1,1,1,1.6550254821777344,-16.63828468322754,0.2919559139480186,0.7080440860519817
454,1,32.0,0,0,7.925,2,2,1,0,0,24.85178565979004,-15.502671241760254,0.8554971282012729,0.14450287179872723
455,0,41.0,0,5,39.6875,2,2,0,0,0,-17.894868850708008,16.889785766601562,0.642489528515179,0.35751047148482085
456,1,28.0,1,0,16.1,2,2,0,0,0,-2.620835542678833,26.443777084350586,0.7664766325750766,0.23352336742492333
457,1,20.0,0,0,7.8542,2,2,1,0,0,32.233192443847656,0.7502533197402954,0.8727982345559617,0.12720176544403822
458,1,28.0,0,0,56.4958,2,2,1,0,1,23.06423568725586,-11.654638290405273,0.6961070457572964,0.3038929542427036
459,0,0.75,2,1,19.2583,2,0,0,1,1,-22.212526321411133,17.566129684448242,0.2396852074972963,0.7603147925027038
460,1,48.0,1,0,76.7292,0,0,0,0,1,-5.184321403503418,15.547122955322266,0.50671199052097,0.49328800947902995
461,1,28.0,0,0,7.55,2,2,1,0,0,26.94417381286621,-9.572969436645508,0.8803990519778297,0.11960094802217025
462,0,23.0,0,0,7.55,2,2,1,1,1,6.265261173248291,-11.876418113708496,0.4982463191427505,0.5017536808572495
463,1,28.0,0,0,7.8958,2,2,1,0,0,28.182334899902344,-9.75766658782959,0.8766561437728937,0.12334385622710636
464,0,18.0,0,1,23.0,1,2,0,1,1,-15.623663902282715,14.546119689941406,0.23570680880099049,0.7642931911990096
465,1,21.0,0,0,8.4333,2,2,1,0,0,31.474515914916992,-0.14547468721866608,0.8603647177003485,0.13963528229965164
466,1,24.0,2,0,73.5,1,2,0,0,0,-4.2121710777282715,22.48189926147461,0.6996534522583159,0.30034654774168407
467,1,28.0,0,0,7.8958,2,2,1,0,0,27.836334228515625,-10.266600608825684,0.8766561437728937,0.12334385622710636
468,0,32.0,1,1,15.5,2,1,0,1,0,-22.035490036010742,17.04171371459961,0.4322908176011597,0.5677091823988403
469,1,50.0,2,0,133.65,0,2,0,0,1,-5.364433288574219,20.224287033081055,0.5612783784744451,0.43872162152555494
470,1,47.0,0,0,25.5875,0,2,1,0,0,-19.678274154663086,-11.908345222473145,0.6937279135624498,0.3062720864375499
471,1,36.0,0,0,7.4958,2,2,1,0,0,23.484272003173828,-17.055450439453125,0.8899441915612898,0.11005580843871005
472,1,20.0,1,0,7.925,2,2,0,0,1,-2.267414093017578,26.20000648498535,0.776123180570104,0.223876819429896
473,1,25.0,0,0,13.0,1,2,1,0,0,-4.824301242828369,-28.574193954467773,0.7663097581751253,0.23369024182487472
474,1,28.0,0,0,7.775,2,2,1,0,0,27.20786476135254,-10.107732772827148,0.865452772744662,0.13454722725533796
475,1,43.0,0,0,8.05,2,2,1,0,0,21.982114791870117,-18.566524505615234,0.865809232559342,0.13419076744065803
476,0,40.0,1,1,39.0,1,2,0,1,1,-15.870916366577148,10.422149658203125,0.2445662325618628,0.7554337674381371
477,1,31.0,1,0,52.0,0,2,0,0,0,-5.971305847167969,21.308698654174805,0.5929547528963409,0.40704524710365897
478,1,31.0,0,0,13.0,1,2,1,0,1,-5.744970798492432,-27.387065887451172,0.7657723681688018,0.23422763183119819
479,1,28.0,0,0,0.0,1,2,1,0,0,-5.6361308097839355,-28.321643829345703,0.8692889848252733,0.13071101517472686
480,1,18.0,0,0,7.775,2,2,1,0,0,32.90177536010742,2.3801205158233643,0.8666040617080125,0.13339593829198734
481,0,18.0,0,0,9.8417,2,2,1,1,1,5.770327091217041,-11.788573265075684,0.47632138279527886,0.5236786172047213
482,1,36.0,0,1,512.3292,0,0,0,1,1,-3.257458448410034,13.494420051574707,0.48729867170437674,0.5127013282956234
483,1,27.0,0,0,76.7292,0,0,1,0,1,-10.446391105651855,-13.182960510253906,0.5375251000227442,0.4624748999772557
484,1,20.0,0,0,9.225,2,2,1,0,0,31.83721923828125,0.865440309047699,0.8561933797897087,0.14380662021029159
485,1,14.0,5,2,46.9,2,2,0,0,0,4.619503021240234,22.419979095458984,0.9118216679858836,0.08817833201411646
486,1,60.0,1,1,39.0,1,2,0,0,0,-0.4813916087150574,18.108169555664062,0.6836031405429392,0.31639685945706053
487,1,19.0,0,0,10.1708,2,2,1,0,0,32.092960357666016,1.7634903192520142,0.8269028237596694,0.17309717624033077
488,1,18.0,0,0,7.7958,2,2,1,0,0,32.52654266357422,2.5245566368103027,0.8756267702255488,0.12437322977445124
489,0,15.0,0,1,211.3375,0,2,0,1,1,-13.833248138427734,13.800719261169434,0.16707559655703844,0.8329244034429617
490,1,31.0,1,0,57.0,0,2,0,0,1,-5.976266860961914,21.2906436920166,0.5577593654189332,0.4422406345810667
491,0,4.0,0,1,13.4167,2,0,0,1,1,-20.2580509185791,18.7736759185791,0.2774319513302732,0.7225680486697269
492,1,28.0,0,0,56.4958,2,2,1,0,1,23.06399154663086,-11.654593467712402,0.6961070457572964,0.3038929542427036
493,1,60.0,0,0,26.55,0,2,1,0,0,-18.714099884033203,-12.361888885498047,0.612681413269933,0.38731858673006686
494,0,28.0,0,0,7.7333,2,1,1,1,1,3.420511484146118,-7.948646068572998,0.4448593242139222,0.5551406757860778
495,1,49.0,1,1,110.8833,0,0,0,1,0,-2.1463048458099365,14.596500396728516,0.4905431617095399,0.5094568382904603
496,1,35.0,0,0,26.2875,0,2,1,0,1,-20.718990325927734,-11.823103904724121,0.5915807735812162,0.4084192264187838
497,1,25.0,0,0,7.7417,2,1,1,0,0,12.414380073547363,2.95404052734375,0.8510041904002067,0.1489958095997933
498,1,39.0,0,0,26.0,1,2,1,0,0,-7.401451587677002,-26.91558837890625,0.7660689840534863,0.2339310159465137
499,0,22.0,0,0,151.55,0,2,1,1,1,-1.4289679527282715,-15.24298095703125,0.15360256359703645,0.8463974364029637
500,1,28.0,1,1,15.2458,2,0,0,0,1,2.922386884689331,18.060182571411133,0.6642705925562654,0.33572940744373453
501,0,24.0,0,0,49.5042,0,0,1,1,1,-4.406343936920166,-11.897315979003906,0.14467404706658193,0.8553259529334182
502,1,28.0,0,0,26.55,0,2,1,0,0,-21.6136531829834,-11.874382019042969,0.5805817747988645,0.41941822520113553
503,1,48.0,1,0,52.0,0,2,0,0,1,-5.885674953460693,20.93219757080078,0.6071250288283935,0.39287497117160647
504,1,29.0,0,0,9.4833,2,2,1,0,0,26.617969512939453,-12.899998664855957,0.8508167367249371,0.14918326327506318
505,1,19.0,0,0,7.65,2,2,1,0,0,32.60007095336914,1.6493184566497803,0.8803906957083645,0.11960930429163558
506,0,38.0,0,0,227.525,0,0,1,1,1,-5.146694660186768,-11.602375030517578,0.0955122290494206,0.9044877709505795
507,0,27.0,0,0,10.5,1,2,1,1,1,1.684383511543274,-16.550827026367188,0.334723212855813,0.6652767871441873
508,1,28.0,0,0,15.5,2,1,1,0,0,11.803325653076172,3.2464048862457275,0.7866311922406133,0.21336880775938666
509,1,33.0,0,0,7.775,2,2,1,0,0,24.454933166503906,-15.986474990844727,0.871792602457395,0.12820739754260496
510,0,6.0,0,1,33.0,1,2,0,1,1,-15.643284797668457,14.485939979553223,0.17621830232913577,0.8237816976708641
511,1,50.0,0,0,13.0,1,2,1,0,0,-8.523512840270996,-27.185544967651367,0.7721028060678528,0.22789719393214725
512,1,27.0,1,0,53.1,0,2,0,0,1,-5.968906402587891,21.342111587524414,0.5687527972744342,0.4312472027255658
513,0,30.0,3,0,21.0,1,2,0,1,1,-13.514412879943848,17.240856170654297,0.38879321973786396,0.6112067802621362
514,1,25.0,1,0,26.0,1,2,0,0,0,-4.851904392242432,22.893062591552734,0.7065897995918367,0.2934102004081631
515,0,25.0,1,0,7.925,2,2,0,1,0,-14.786093711853027,20.629928588867188,0.4936152800562792,0.5063847199437209
516,0,29.0,0,0,211.3375,0,2,1,1,1,-1.5558276176452637,-15.167808532714844,0.15506690889492503,0.8449330911050751
517,1,11.0,0,0,18.7875,2,0,1,0,0,9.848901748657227,1.422156572341919,0.7260396294909911,0.2739603705090088
518,1,28.0,0,0,0.0,1,2,1,0,0,-5.640547275543213,-28.3253116607666,0.8692889848252733,0.13071101517472686
519,1,23.0,0,0,13.0,1,2,1,0,0,-4.80587911605835,-29.078847885131836,0.7676654282782179,0.2323345717217819
520,1,23.0,0,0,13.0,1,2,1,0,0,-4.805880069732666,-29.078847885131836,0.7676654282782179,0.2323345717217819
521,1,35.0,0,0,512.3292,0,0,1,1,1,-9.208945274353027,-12.263090133666992,0.49392814615531827,0.5060718538446818
522,1,28.0,0,0,7.8958,2,2,1,0,0,27.472869873046875,-10.682723999023438,0.8766561437728937,0.12334385622710636
523,1,28.0,0,0,7.8958,2,2,1,0,0,27.84461212158203,-10.278899192810059,0.8766561437728937,0.12334385622710636
524,1,36.0,1,0,78.85,0,2,0,0,0,-5.963655948638916,21.10749053955078,0.5410441127846903,0.45895588721530955
525,0,21.0,2,2,262.375,0,0,0,1,1,-10.743220329284668,9.390959739685059,0.1602342497161611,0.8397657502838386
526,1,24.0,1,0,16.1,2,2,0,0,0,-2.3879244327545166,26.589412689208984,0.7657108259381615,0.2342891740618384
527,1,70.0,1,1,71.0,0,2,0,0,0,-1.4541478157043457,16.582910537719727,0.6243955812174928,0.3756044187825072
528,0,4.0,1,1,23.0,1,2,0,1,1,-16.137744903564453,10.275429725646973,0.18965871584431204,0.8103412841556882
529,1,6.0,0,1,12.475,2,2,0,0,1,0.6093446016311646,26.0921688079834,0.5409435014642917,0.45905649853570835
530,1,33.0,0,0,9.5,2,2,1,0,0,24.442346572875977,-15.975329399108887,0.8443472630581172,0.15565273694188275
531,1,23.0,0,0,7.8958,2,2,1,0,0,30.90294647216797,-2.273460626602173,0.873393320807168,0.126606679192832
532,0,48.0,1,2,65.0,1,2,0,1,1,-15.598382949829102,9.69993782043457,0.25039750320659654,0.7496024967934032
533,1,28.0,0,0,7.7958,2,2,1,0,0,27.532148361206055,-9.696731567382812,0.8744754812621981,0.12552451873780188
534,1,34.0,0,0,8.05,2,2,1,0,0,24.088550567626953,-16.344383239746094,0.865809232559342,0.13419076744065803
535,1,28.0,0,0,14.5,2,2,1,0,0,29.14917755126953,-12.470135688781738,0.7968284618067737,0.20317153819322628
536,1,41.0,0,0,7.125,2,2,1,0,0,22.307931900024414,-18.252578735351562,0.8962981309985626,0.10370186900143728
537,1,20.0,0,0,7.2292,2,0,1,0,1,9.789236068725586,1.6427217721939087,0.8195303213576817,0.1804696786423184
538,0,51.0,1,0,77.9583,0,2,0,1,1,-11.21628475189209,16.357086181640625,0.17023559089829224,0.8297644091017077
539,1,28.0,0,0,39.6,0,0,1,0,0,-10.686395645141602,-13.2365140914917,0.6168535995718656,0.3831464004281343
540,1,28.0,1,0,24.15,2,1,0,0,0,-0.9068177938461304,23.963621139526367,0.7667960088289644,0.23320399117103535
541,1,32.0,0,0,8.3625,2,2,1,0,0,24.848995208740234,-15.501675605773926,0.8634733186774634,0.13652668132253676
542,1,48.0,0,0,7.8542,2,2,1,0,0,21.327125549316406,-19.168041229248047,0.8754386152210384,0.12456138477896161
543,0,57.0,0,0,10.5,1,2,1,1,0,0.6090725660324097,-16.722768783569336,0.37602797626770085,0.6239720237322992
544,1,18.0,0,0,7.75,2,2,1,0,0,32.54277801513672,2.5215582847595215,0.8683630725037671,0.13163692749623285
545,1,28.0,0,0,7.75,2,1,1,0,0,12.043179512023926,3.929309368133545,0.8500764428096048,0.14992355719039518
546,0,5.0,0,0,12.475,2,2,1,1,1,5.5328545570373535,-11.60751724243164,0.34758124654648753,0.6524187534535126
547,0,17.0,1,0,57.0,0,2,0,1,1,-11.357983589172363,16.658912658691406,0.1824229813861788,0.8175770186138213
548,1,29.0,0,0,30.0,0,2,1,0,0,-21.35239028930664,-12.164897918701172,0.5851130247988645,0.41488697520113554
549,1,28.0,1,2,23.45,2,2,0,0,0,2.8643393516540527,22.69471549987793,0.7487332047980059,0.25126679520199424
550,1,25.0,0,0,7.05,2,2,1,0,0,30.065488815307617,-4.428469181060791,0.8842179086690236,0.11578209133097633
551,1,1.0,1,2,20.575,2,2,0,0,1,3.3841867446899414,22.565534591674805,0.5319159157471433,0.4680840842528569
552,1,46.0,0,0,79.2,0,0,1,0,0,-10.332545280456543,-12.662306785583496,0.5394216532456121,0.46057834675438786
553,1,28.0,0,0,7.75,2,1,1,0,0,12.136493682861328,2.9708974361419678,0.8500764428096048,0.14992355719039518
554,1,16.0,0,0,26.0,1,2,1,0,0,-5.203308582305908,-30.310400009155273,0.7480279189337093,0.2519720810662905
555,0,28.0,8,2,69.55,2,2,0,0,0,-20.59759521484375,15.372733116149902,0.7905144838036311,0.20948551619636874
556,1,28.0,0,0,30.6958,0,0,1,0,0,-10.752584457397461,-13.234930992126465,0.6095491448382816,0.39045085516171824
557,1,25.0,0,0,7.8958,2,2,1,0,0,30.040245056152344,-4.489497184753418,0.8720376507040752,0.1279623492959248
558,1,39.0,0,0,13.0,1,2,1,0,0,-7.306546211242676,-26.956932067871094,0.7782511584017101,0.22174884159828998
559,0,49.0,0,0,25.9292,0,2,1,1,1,-1.3651601076126099,-15.37976360321045,0.2675261975829233,0.7324738024170769
560,0,31.0,0,0,8.6833,2,2,1,0,1,5.758841514587402,-12.46859359741211,0.5314578116395484,0.46854218836045164
561,1,30.0,0,0,7.2292,2,0,1,0,0,9.036383628845215,2.1222193241119385,0.8322102608303787,0.1677897391696216
562,0,30.0,1,1,24.15,2,2,0,1,0,-19.779088973999023,13.799570083618164,0.44015899271380726,0.5598410072861927
563,1,34.0,0,0,13.0,1,2,1,0,0,-6.35106086730957,-27.091899871826172,0.7665262812928176,0.23347371870718228
564,0,31.0,1,1,26.25,1,2,0,1,1,-15.996075630187988,10.475831985473633,0.24222612943312122,0.757773870566879
565,1,11.0,1,2,120.0,0,2,0,1,1,-1.4763039350509644,16.727514266967773,0.4014603411665625,0.5985396588334378
566,1,31.0,0,0,7.775,2,2,1,0,0,25.25397491455078,-14.957249641418457,0.8694470886123559,0.13055291138764405
567,1,39.0,0,0,0.0,0,2,1,0,0,-20.548343658447266,-12.40065860748291,0.8246511793166955,0.17534882068330443
568,1,39.0,0,0,13.0,1,2,1,0,0,-7.3092522621154785,-26.95928955078125,0.7782511584017101,0.22174884159828998
569,0,33.0,1,0,53.1,0,2,0,1,1,-11.313619613647461,16.67835807800293,0.1918965433500088,0.8081034566499915
570,1,26.0,0,0,7.8875,2,2,1,0,0,29.670265197753906,-5.417667865753174,0.8702695169828562,0.12973048301714396
571,1,39.0,0,0,24.15,2,2,1,0,0,22.632795333862305,-17.900468826293945,0.8092159477129727,0.19078405228702727
572,1,35.0,0,0,10.5,1,2,1,0,0,-6.676082611083984,-27.279508590698242,0.8060908515965938,0.19390914840340634
573,1,30.5,0,0,8.05,2,2,1,0,0,25.50731658935547,-14.603219985961914,0.8616972637879615,0.13830273621203848
574,1,28.0,0,0,0.0,0,2,1,0,0,-21.538991928100586,-12.24886417388916,0.7965113553194293,0.20348864468057073
575,0,23.0,0,0,7.925,2,2,1,0,0,6.272694110870361,-11.881312370300293,0.501166364608229,0.49883363539177095
576,1,31.0,1,1,37.0042,1,0,0,0,0,-1.3586664199829102,15.064543724060059,0.6487069952601513,0.3512930047398485
577,1,10.0,3,2,27.9,2,2,0,0,0,4.64309024810791,22.2346134185791,0.8772918720923333,0.12270812790766655
578,0,52.0,1,1,93.5,0,2,0,1,1,-13.827083587646484,10.23353099822998,0.1737043642911556,0.8262956357088442
579,1,27.0,0,0,8.6625,2,2,1,0,1,28.949954986572266,-7.19036340713501,0.8493711982144737,0.15062880178552646
580,1,2.0,4,1,39.6875,2,2,0,0,0,4.0191473960876465,21.117605209350586,0.8357640925253808,0.1642359074746194
581,1,28.0,0,0,6.95,2,1,1,0,0,12.50854206085205,3.3715555667877197,0.8725949302959094,0.12740506970409046
582,1,28.0,0,0,56.4958,2,2,1,0,0,23.062969207763672,-11.654679298400879,0.6961070457572964,0.3038929542427036
583,1,28.0,0,0,7.75,2,1,1,0,1,11.796780586242676,3.7520182132720947,0.8500764428096048,0.14992355719039518
584,0,15.0,1,0,14.4542,2,0,0,1,1,-17.995281219482422,21.086578369140625,0.3571618879709959,0.6428381120290041
585,1,28.0,0,0,7.2292,2,0,1,0,0,9.580682754516602,2.299642562866211,0.8199080162949056,0.18009198370509452
586,1,23.0,0,0,7.8542,2,2,1,0,0,30.89342498779297,-2.2681262493133545,0.8712126582964724,0.1287873417035275
587,1,18.0,0,0,8.3,2,2,1,0,0,32.50439453125,2.515212297439575,0.8608840927873195,0.1391159072126806
588,0,39.0,1,1,83.1583,0,0,0,1,1,-10.153881072998047,9.983959197998047,0.1177334424664182,0.8822665575335814
589,1,21.0,0,0,8.6625,2,2,1,0,0,31.459224700927734,-0.1491302102804184,0.8598332775380767,0.14016672246192344
590,1,28.0,0,0,8.05,2,2,1,0,0,28.12916374206543,-11.04549789428711,0.8615746660045037,0.13842533399549628
591,1,28.0,0,0,29.7,0,0,1,0,1,-10.757097244262695,-13.23608684539795,0.5920067012893865,0.4079932987106134
592,1,16.0,0,0,10.5,1,2,1,0,0,-4.984521389007568,-30.2534122467041,0.7834377665614898,0.2165622334385101
593,0,30.0,0,0,31.0,0,0,1,1,1,-4.412742614746094,-12.010478019714355,0.16945942164494743,0.8305405783550529
594,1,34.5,0,0,6.4375,2,0,1,0,0,8.95075798034668,1.9402111768722534,0.844713147200857,0.155286852799143
595,1,42.0,0,0,7.55,2,2,1,0,0,22.13797950744629,-18.398921966552734,0.8867011360057343,0.11329886399426561
596,1,28.0,8,2,69.55,2,2,0,0,0,4.399081707000732,22.706974029541016,0.9072053749351998,0.09279462506480016
597,1,35.0,0,0,7.8958,2,0,1,0,0,8.940396308898926,1.9698237180709839,0.8157190673250093,0.1842809326749908
598,1,28.0,0,1,33.0,1,2,0,0,0,-2.561840534210205,20.8626651763916,0.6573048476574311,0.3426951523425688
599,0,28.0,1,0,89.1042,0,0,0,1,1,-8.590795516967773,12.247283935546875,0.10433718027694605,0.8956628197230536
600,1,4.0,4,2,31.275,2,2,0,0,0,4.862325191497803,21.93975830078125,0.8421931201507854,0.15780687984921452
601,0,16.0,0,1,39.4,0,2,0,1,1,-14.018142700195312,14.022713661193848,0.20124204009800714,0.798757959901993
602,0,18.0,0,1,9.35,2,2,0,1,1,-18.069425582885742,16.544389724731445,0.48388004968509285,0.5161199503149071
603,0,45.0,1,1,164.8667,0,2,0,1,1,-13.801015853881836,10.203532218933105,0.17988981608883756,0.8201101839111624
604,1,51.0,0,0,26.55,0,2,1,0,1,-19.402284622192383,-12.468061447143555,0.6030649206076657,0.3969350793923342
605,0,24.0,0,3,19.2583,2,0,0,1,1,-20.016551971435547,18.85975456237793,0.3452275968490526,0.6547724031509474
606,1,41.0,2,0,14.1083,2,2,0,0,0,-1.2093279361724854,26.399059295654297,0.819744058217293,0.18025594178270674
607,1,24.0,0,0,13.0,1,2,1,0,0,-5.082139492034912,-28.9238338470459,0.7676654282782179,0.2323345717217819
608,0,42.0,0,0,13.0,1,2,1,1,1,0.9010276794433594,-16.438106536865234,0.32180999602994126,0.6781900039700589
609,0,27.0,1,0,13.8583,1,0,0,1,1,-9.403762817382812,13.400182723999023,0.23986829015835853,0.7601317098416418
610,1,31.0,0,0,50.4958,0,2,1,0,0,-20.679811477661133,-11.40720272064209,0.60261863949006,0.3973813605099401
611,1,4.0,1,1,11.1333,2,2,0,0,1,2.5163369178771973,21.60127067565918,0.5547309545288601,0.44526904547113993
612,1,26.0,0,0,7.8958,2,2,1,0,0,29.669525146484375,-5.41699743270874,0.8724501794935517,0.12754982050644845
613,0,47.0,1,1,52.5542,0,2,0,1,1,-13.88388442993164,10.268132209777832,0.20638635101519875,0.7936136489848014
614,1,33.0,0,0,5.0,0,2,1,0,0,-21.094064712524414,-12.310919761657715,0.805961637520517,0.19403836247948314
615,1,47.0,0,0,9.0,2,2,1,0,0,21.442174911499023,-19.05685043334961,0.8604905715741351,0.13950942842586497
616,0,28.0,1,0,24.0,1,0,0,1,1,-9.39602279663086,13.382468223571777,0.22855955527712996,0.7714404447228702
617,0,15.0,0,0,7.225,2,0,1,1,1,2.2522616386413574,-7.8967204093933105,0.3664113685031961,0.633588631496804
618,1,20.0,0,0,9.8458,2,2,1,0,0,31.792917251586914,0.8652811050415039,0.8269028237596694,0.17309717624033077
619,1,19.0,0,0,7.8958,2,2,1,0,0,32.59502029418945,1.630942702293396,0.8778074327362444,0.12219256726375573
620,1,28.0,0,0,7.8958,2,2,1,0,0,27.841203689575195,-10.260290145874023,0.8766561437728937,0.12334385622710636
621,0,22.0,0,0,10.5167,2,2,1,1,0,6.1929755210876465,-11.806020736694336,0.4540111016329915,0.5459888983670088
622,1,28.0,0,0,10.5,1,2,1,0,0,-5.0736985206604,-27.86835479736328,0.8002605156400416,0.19973948435995845
623,1,25.0,0,0,7.05,2,2,1,0,0,30.06588363647461,-4.428022384643555,0.8842179086690236,0.11578209133097633
624,0,19.0,0,0,30.0,0,2,1,1,1,-1.1582800149917603,-15.401119232177734,0.21619377071336898,0.7838062292866316
625,0,28.0,1,2,23.45,2,2,0,1,0,-20.38416862487793,14.170608520507812,0.46610689965850555,0.5338931003414945
626,1,32.0,0,0,7.75,2,1,1,0,0,12.548236846923828,3.6537115573883057,0.8565543711144714,0.14344562888552845
